pillar,primary_keyword,search_volume,cpc,difficulty,intent,suggested_title,category,status
Bathroom Remodeling,bathroom remodel cost estimate,8100,16.13,27,informational,How Much Does a Bathroom Remodel Really Cost in 2026?,Budget & Planning,ready
Bathroom Remodeling,diy bathroom remodel cost,390,23.06,1,informational,DIY Bathroom Remodel Cost: Real Budget Breakdown,Budget & Planning,ready
Bathroom Remodeling,small bathroom remodel cost,2900,14.21,11,commercial,Small Bathroom Remodel Cost: What to Expect,Kitchen & Bath Remodeling,ready
Bathroom Remodeling,bathroom remodel return on investment,260,89.23,11,informational,Bathroom Remodel ROI: Is It Actually Worth It?,Budget & Planning,ready
Bathroom Remodeling,walk in shower remodel cost,880,22.55,1,informational,Walk-In Shower Remodel Cost: Full Pricing Guide,Kitchen & Bath Remodeling,ready
Bathroom Remodeling,master bathroom remodel cost,1600,9.74,13,commercial,Master Bathroom Remodel Cost by Project Size,Kitchen & Bath Remodeling,ready
Bathroom Remodeling,bathroom vanity installation cost,8100,6.66,2,informational,Bathroom Vanity Installation Cost: DIY vs. Pro,Kitchen & Bath Remodeling,ready
Bathroom Remodeling,budget bathroom remodel ideas,1600,0.54,10,informational,15 Budget Bathroom Remodel Ideas That Look Expensive,Kitchen & Bath Remodeling,ready
Bathroom Remodeling,bathroom remodel cost breakdown,140,10.93,8,informational,Bathroom Remodel Cost Breakdown: Where the Money Goes,Budget & Planning,ready
Bathroom Remodeling,bathroom remodel timeline,170,12.06,5,informational,Bathroom Remodel Timeline: A Realistic Week-by-Week Plan,Budget & Planning,ready
Bathroom Remodeling,bathroom remodel financing options,140,77.88,4,commercial,How to Finance a Bathroom Remodel: 6 Smart Options,Budget & Planning,ready
Bathroom Remodeling,mobile home bathroom remodel,1300,18.07,6,commercial,Mobile Home Bathroom Remodel: Costs and Unique Challenges,Kitchen & Bath Remodeling,ready
Bathroom Remodeling,does bathroom renovation increase home value,110,28.84,26,informational,Does a Bathroom Renovation Increase Home Value?,Budget & Planning,ready
Bathroom Remodeling,how long does a small bathroom remodel take,210,6.92,5,informational,How Long Does a Small Bathroom Remodel Take?,Kitchen & Bath Remodeling,ready
Bathroom Remodeling,bathroom tile installation cost,260,10.79,8,informational,Bathroom Tile Installation Cost: Material and Labor Guide,Flooring & Tile,ready
Kitchen Remodeling,kitchen remodel cost,27100,9.43,8,commercial,How Much Does a Kitchen Remodel Cost in 2026?,Budget & Planning,idea
Kitchen Remodeling,diy kitchen remodel cost,210,17.53,4,informational,DIY Kitchen Remodel Cost: What You Can Save,Budget & Planning,idea
Kitchen Remodeling,kitchen remodel low cost,8100,13.18,25,informational,Low-Cost Kitchen Remodel: Where to Spend and Where to Save,Kitchen & Bath Remodeling,idea
Kitchen Remodeling,kitchen remodel cost estimate,70,35.85,10,informational,Kitchen Remodel Cost Estimator: Plan Your Budget,Budget & Planning,idea
Kitchen Remodeling,average cost of a kitchen remodel 2025,110,11.35,5,informational,Average Kitchen Remodel Cost: Updated Numbers,Budget & Planning,idea
Flooring Costs,hardwood flooring installation cost per square foot,1600,17.82,10,informational,Hardwood Flooring Installation Cost per Square Foot,Flooring & Tile,idea
Flooring Costs,tile flooring cost per square foot installed,4400,8.01,12,informational,Tile Flooring Cost per Square Foot Installed,Flooring & Tile,idea
Flooring Costs,carpet flooring installation cost per square foot,6600,6.69,22,informational,Carpet Installation Cost per Square Foot: Full Guide,Flooring & Tile,idea
Flooring Costs,laminate flooring installation cost per square foot,1300,5.65,8,informational,Laminate Flooring Installation Cost per Square Foot,Flooring & Tile,idea
Flooring Costs,vinyl plank flooring installation cost per square foot,320,6.31,5,informational,Vinyl Plank Flooring Installation Cost Breakdown,Flooring & Tile,idea
Flooring Costs,affordable flooring installation,140,38.56,8,commercial,Most Affordable Flooring Options to Install in 2026,Flooring & Tile,idea
Basement Remodeling,basement remodel contractors,6600,22.59,8,commercial,How to Find the Right Basement Remodel Contractor,Basement & Attic,idea
Basement Remodeling,cost to finish a basement,0,0,5,informational,Cost to Finish a Basement: Complete Budget Guide,Budget & Planning,idea
Basement Remodeling,basement remodel cost,0,0,10,commercial,Basement Remodel Cost: What to Budget For,Budget & Planning,idea
