keyword,search_volume,cpc,keyword_difficulty,competition_level,intent
water damage repair service,390,490.85,31,LOW,commercial
window replacement westminster,70,485.37,,LOW,commercial
heat pump ac repair,590,277.4,,LOW,commercial
ac heat pump repair,590,277.4,,LOW,commercial
heat pump air conditioner repair,590,277.4,4,LOW,commercial
vent leaking water,210,272.57,,LOW,informational
double glazed window quote,70,261.25,,LOW,informational
preventing water damage,140,253.63,13,LOW,informational
water damage prevention,140,253.63,8,LOW,commercial
water damage repair denver,170,229.44,4,LOW,commercial
denver water damage repair,170,229.44,,LOW,commercial
water heater repair arlington tx,140,224.56,,LOW,commercial
electric boiler repairs,70,208.54,,LOW,commercial
electric boiler repair,70,208.54,,LOW,commercial
water heater repair carrollton tx,390,184.36,9,LOW,commercial
24 hour plumbing austin,90,172.2,8,LOW,commercial
moisture damage laminate flooring,90,166.85,,LOW,informational
water heater constantly running,140,164.93,,LOW,transactional
water heater keeps running,140,164.93,,LOW,transactional
flooded home repair,70,164.14,11,LOW,informational
water heater repair mckinney tx,210,161.69,9,LOW,commercial
water proofing services,70,158.81,13,LOW,commercial
composite roof repair,140,154.2,,LOW,commercial
cost to dig out crawl space,110,143.94,,LOW,informational
water damage remediation companies,390,141.26,31,LOW,commercial
water damage remediation company,390,141.26,25,LOW,commercial
window replacement alabama,90,135.71,,LOW,commercial
window replacement in alabama,90,135.71,,LOW,commercial
installing slate tile,140,134.84,,LOW,informational
slate tile installation,140,134.84,,LOW,commercial
hot water heater repair austin,90,133.59,,LOW,commercial
plumbing services denver,590,132.7,17,LOW,commercial
install 240v breaker,110,132.19,1,LOW,informational
well water turning brown,110,130.9,,LOW,informational
well water turned brown,110,130.9,,LOW,informational
emergency water damage,880,130.8,2,LOW,informational
hot water unclog drain,70,130.3,,LOW,transactional
electrical burning smell in house,210,128.39,,LOW,informational
tankless water heater denver,90,126.05,,LOW,transactional
denver tankless water heater,90,126.05,,LOW,transactional
tankless water heaters denver,90,126.05,,LOW,transactional
water damage restoration naples,210,125.75,,LOW,commercial
water leaking from ac vent in ceiling,170,125.71,,LOW,informational
cost to become a nurse,110,124.19,4,LOW,informational
water heater repair mesa az,140,122.94,,LOW,commercial
concrete pier foundation cost,70,116.7,,LOW,informational
flooded basement restoration,140,115.85,3,LOW,commercial
water heater repair frisco tx,170,115.6,,LOW,commercial
water heater repair frisco,170,115.6,,LOW,commercial
rinnai tankless hot water heater repair,140,112.82,,LOW,commercial
gpt 4o mini cost,110,110.41,19,LOW,informational
gutter guard installation cost per linear foot,210,110.21,,LOW,commercial
concrete foundation installation,90,108.34,,LOW,transactional
ceiling grid installation cost,70,108.03,,LOW,informational
cost to install ceiling grid,70,108.03,,LOW,informational
water heater repair plano,170,105.54,,LOW,informational
water heater repair plano tx,170,105.54,,LOW,commercial
how often should i flush my water heater,320,105.11,2,LOW,informational
austin water heater installation,140,100.17,,LOW,commercial
water heater installation austin,140,100.17,,LOW,commercial
bad flooring installation,70,99.78,,LOW,commercial
bad floor installation,70,99.78,,LOW,informational
24 hour plumbing repair,480,98.61,,LOW,commercial
turn on gas water heater,140,98.36,,LOW,informational
turn on gas to water heater,140,98.36,,LOW,informational
turn on water heater gas,140,98.36,,LOW,informational
turn gas on water heater,140,98.36,,LOW,transactional
frozen tankless water heater,390,97.41,,LOW,transactional
tankless water heater frozen,390,97.41,,LOW,transactional
water tank heater installation,6600,97.31,,LOW,commercial
tank water heater install,6600,97.31,9,LOW,commercial
tank water heater installation,6600,97.31,6,LOW,commercial
window replacement deltona,390,94.47,,LOW,commercial
wood flooring marietta,70,94.27,3,LOW,transactional
water heater igniter repair,480,92.33,,LOW,commercial
how long does it take to install gutters,170,91.09,,LOW,informational
sprinkler valve repair cost,110,91.04,7,LOW,commercial
average cost for advertising a small business,90,91.02,3,LOW,commercial
water damage ceiling tiles,210,90.59,,LOW,informational
how to restart pilot light on water heater,170,89.54,,LOW,informational
bathroom remodel return on investment,260,89.23,11,LOW,informational
plumbing water leak repair,70,89.18,8,LOW,commercial
home plumbing repair,720,88.56,17,LOW,commercial
plumbing home repair,720,88.56,25,LOW,commercial
plumbing and home repair,720,88.56,6,LOW,commercial
home repair plumbing,720,88.56,25,LOW,commercial
how to shut off water heater,720,88.5,,LOW,informational
how to shut off water to water heater,720,88.5,,LOW,informational
how to shut off the water heater,720,88.5,,LOW,informational
home water pump repair,110,88.38,,LOW,commercial
how to replace expansion tank on water heater,260,87.1,,LOW,informational
how to replace an expansion tank on a water heater,260,87.1,,LOW,informational
how to replace expansion tank on hot water heater,260,87.1,,LOW,informational
ceiling painting services,110,86.88,,LOW,commercial
how to relight pilot light on water heater without igniter,260,86.62,,LOW,informational
how to install compression fitting,320,85.46,,LOW,informational
how to install a compression fitting,320,85.46,,LOW,informational
cost for advertising on tv,590,84.36,17,LOW,commercial
emergency plumbing repair,1300,84.36,25,LOW,commercial
plumbing emergency repair,1300,84.36,6,LOW,commercial
plumbing burst pipe repair,70,83.78,,LOW,commercial
water heater smells like gas but no leak,210,83.76,,LOW,informational
finishes in interior design,70,83.59,,LOW,informational
interior design finishes,70,83.59,,LOW,informational
water damaged cabinets,210,83.35,,LOW,informational
professional gutter installation,720,83.31,1,LOW,commercial
fireplace tile installation,590,82.73,,LOW,commercial
cost for poured concrete walls,140,82.45,,LOW,informational
how much to charge to install sod,90,82.11,4,LOW,informational
how much to charge for sod install,90,82.11,4,LOW,informational
water heater repair allen tx,110,82.05,,LOW,commercial
is it normal for water heater to leak,140,81.04,11,LOW,informational
window replacement bellevue,260,79.97,,LOW,commercial
window replacement bellevue wa,260,79.97,,LOW,commercial
why is water heater making noise,110,79.68,,LOW,informational
water heater install denver,140,79.54,,LOW,commercial
denver water heater installation,140,79.54,,LOW,commercial
water heater installation denver,140,79.54,,LOW,commercial
water heater repair charleston sc,110,79.05,,LOW,commercial
cost to plumb a bathroom,70,78.59,5,LOW,informational
commercial plumbing repair near me,140,78.36,17,LOW,commercial
water damage in bathroom walls,110,78.18,,LOW,informational
window replacement elgin,90,78.17,,LOW,commercial
elgin window replacement,90,78.17,,LOW,commercial
window replacement elgin il,90,78.17,,LOW,commercial
water heater blow off valve leaking,140,78.15,,LOW,informational
pop off valve water heater leaking,140,78.15,,LOW,informational
water heater pop off valve leaking,140,78.15,,LOW,informational
24 hour water heater repair,110,77.97,16,LOW,informational
24-hour water heater repair,110,77.97,16,LOW,commercial
how often to flush hot water heater,140,76.67,,LOW,informational
bathroom remodeling salem,90,76.36,10,LOW,commercial
window replacement service near me,590,75.09,23,LOW,commercial
window replacement services near me,590,75.09,23,LOW,commercial
water heater repair springfield mo,110,74.43,,LOW,commercial
honeywell hot water heater no status light,320,73.8,,LOW,informational
window replacement gallatin tn,110,73.74,,LOW,commercial
emergency plumbing repair near me,480,73.73,11,LOW,commercial
full service window replacement,260,73.53,61,LOW,commercial
water heater pipe size,140,73.41,,LOW,transactional
window replacement experts,70,73.32,35,LOW,commercial
cracked roof tile,140,73.21,,LOW,transactional
how to install water shut off valve for toilet,50,73.18,1,LOW,informational
interior installation services,70,72.91,,LOW,commercial
patio enclosure builders,110,72.89,13,LOW,commercial
plumbing pipe repair near me,210,72.07,4,LOW,commercial
az-104 exam cost,90,71.45,7,LOW,informational
how to install a chain drive garage door opener,50,71.13,,LOW,informational
how to install a garage door opener chain drive,50,71.13,,LOW,informational
how to install chain drive garage door opener,50,71.13,,LOW,informational
fence inspection,70,70.69,,LOW,commercial
kitchen remodel manassas,90,70.18,,LOW,commercial
roof tile inspection,170,69.08,,LOW,informational
tile roof inspection,170,69.08,,LOW,commercial
kitchen remodel castle rock,390,68.51,18,LOW,informational
westside kitchen and bath,480,67.95,,LOW,commercial
how much is it to install a radon mitigation system,50,67.57,,LOW,commercial
cost to install surround sound,70,67.4,,LOW,informational
window replacement lebanon tn,70,67.35,,LOW,commercial
install bathroom vanity countertop,210,67.01,,LOW,transactional
gas valve replacement cost,260,66.58,,LOW,informational
underpinning foundation repair,260,66.46,,LOW,informational
retaining wall shoring,70,66.36,,LOW,transactional
widen driveway with concrete,260,66.03,,LOW,transactional
mold damage repair,390,65.51,38,LOW,commercial
vertex ai cost,140,64.74,,LOW,informational
gutter guard installation cost calculator,260,64.05,,LOW,commercial
cost of sand filter septic system,90,63.99,,LOW,informational
sand filter septic system cost,90,63.99,,LOW,commercial
sand filtration septic system cost,90,63.99,,LOW,commercial
modern home improvements,110,63.56,1,LOW,commercial
how long does it take to install fiber internet,140,62.54,3,LOW,informational
custom made windows and doors,720,61.97,45,LOW,commercial
custom made doors and windows,720,61.97,13,LOW,commercial
how much do tabs cost,210,61.81,37,LOW,informational
how much does tabs cost,210,61.81,47,LOW,informational
mobile home roof pitch,90,61.76,,LOW,transactional
elb cost,210,61.11,13,LOW,informational
elastic load balancing cost,210,61.11,,LOW,informational
water damage in attic,110,61.1,,LOW,informational
attic water damage,110,61.1,,LOW,informational
toilet repair and installation,70,61.02,,LOW,commercial
kitchen remodel contractor san diego,320,60.85,21,LOW,commercial
kitchen remodel contractors san diego,320,60.85,18,LOW,commercial
window nailing fin replacement,70,59.79,,LOW,commercial
cost for a commercial,210,59.74,2,LOW,commercial
concrete driveway denver,90,58.53,12,LOW,transactional
painting in denver,390,58.19,42,LOW,informational
denver painting,390,58.19,36,LOW,informational
standing seam metal roof how to install,140,57.16,,LOW,informational
how to install skimmer in concrete pool,50,56.96,,LOW,informational
plumbing repair company,260,56.68,20,LOW,commercial
plumbing repair companies,260,56.68,4,LOW,commercial
repair plumbing co,260,56.68,20,LOW,commercial
drywall flood cut,170,55.99,,LOW,transactional
kitchen remodel contractors denver,390,55.97,14,LOW,commercial
kitchen remodel contractor denver,390,55.97,12,LOW,commercial
bathroom renovation specialists,90,55.21,36,LOW,commercial
plumbing snake repair,210,55.2,,LOW,commercial
kitchen renovation services,590,54.19,43,LOW,commercial
basement finishing fort collins co,170,54.13,6,LOW,commercial
basement finishing fort collins,170,54.13,13,LOW,informational
window replacement encinitas,70,52.54,,LOW,commercial
property management software cost,90,52.25,2,LOW,commercial
radon mitigation fan installation cost,70,52.24,,LOW,commercial
local contractors for window replacement,320,52.15,14,LOW,commercial
ac condenser installation cost,70,52.08,9,LOW,commercial
pex repipe cost,320,51.77,,LOW,informational
fireplace wall installation cost,70,51.52,,LOW,commercial
home additions and renovations,140,51.23,8,LOW,informational
1980s home renovation,70,50.96,,LOW,informational
cost to replace concrete slab,140,50.76,2,LOW,informational
concrete slab replacement cost,140,50.76,2,LOW,informational
kitchen remodel reston va,70,50.73,,LOW,commercial
smart home automation and security,70,50.52,60,LOW,commercial
kitchen remodel danville,170,50.4,,LOW,commercial
danville kitchen remodel,170,50.4,,LOW,commercial
residential window replacement companies near me,140,50.38,30,LOW,commercial
signature window replacement,260,50.32,8,LOW,commercial
signature window and door replacement,260,50.32,9,LOW,transactional
commercial flat roof repair,720,50.14,13,LOW,commercial
window replacement la crosse,70,49.97,,LOW,commercial
sewer plumbing repair,1000,49.77,,LOW,commercial
plumbing sewer repair,1000,49.77,9,LOW,commercial
sewer and plumbing repair,1000,49.77,,LOW,commercial
plumbing and sewer repair,1000,49.77,1,LOW,commercial
water stains on drywall,320,49.72,,LOW,informational
water stained drywall,320,49.72,,LOW,informational
melbourne window replacement,70,49.33,,LOW,commercial
window replacement in melbourne,70,49.33,,LOW,commercial
window replacement melbourne,70,49.33,9,LOW,commercial
vinyl window replacement companies,110,49.27,53,LOW,commercial
trenchless plumbing repair,210,49.2,13,LOW,commercial
how much to install a paver patio,70,48.82,5,LOW,commercial
how much to install paver patio,70,48.82,9,LOW,commercial
how much to install pavers patio,70,48.82,9,LOW,commercial
how much to install patio pavers,70,48.82,,LOW,commercial
window replacement ames,390,48.8,,LOW,commercial
renewal by andersen window replacement denver reviews,90,48.27,,LOW,informational
kitchen renovation company,720,48.12,25,LOW,commercial
drywall repair dc,110,47.82,,LOW,commercial
how to install team,170,45.51,17,LOW,informational
smart home solar,480,45.2,,LOW,commercial
window replacement leads,110,45.19,,LOW,commercial
window replacement lead,110,45.19,,LOW,transactional
replacement window leads,110,45.19,,LOW,transactional
smart home system installation,480,44.51,,LOW,commercial
kitchen and bath remodel san diego,140,44.35,15,LOW,commercial
how to install a dryer outlet 3-prong,210,44.12,,LOW,informational
how to install dryer outlet 3 prong,210,44.12,,LOW,informational
how to install a dryer outlet 3 prong,210,44.12,,LOW,informational
how to install a 3 prong dryer outlet,210,44.12,,LOW,informational
how to install 3 prong dryer outlet,210,44.12,,LOW,informational
window replacement specialist,90,43.51,15,LOW,commercial
window replacement specialists,90,43.51,28,LOW,commercial
window replacement wisconsin,140,43.27,5,LOW,commercial
wisconsin window replacement,140,43.27,18,LOW,commercial
copeland heating air conditioning plumbing and electrical repair services,480,43.22,5,LOW,commercial
window replacement in tn,110,43.18,9,LOW,commercial
window replacement tennessee,110,43.18,6,LOW,commercial
tennessee window replacement,110,43.18,3,LOW,commercial
renewal by andersen window replacement charlotte reviews,140,42.95,,LOW,informational
window replacement port st lucie fl,170,42.88,,LOW,commercial
window replacement port st lucie,170,42.88,,LOW,commercial
kitchen remodel poway,110,42.83,2,LOW,commercial
poway kitchen remodel,110,42.83,,LOW,commercial
kitchen remodel bronx,70,42.82,,LOW,commercial
kitchen remodel bronx ny,70,42.82,,LOW,commercial
kitchen remodel chantilly va,170,42.47,31,LOW,commercial
kitchen remodel chantilly,170,42.47,2,LOW,informational
plumbing repair pipe,1300,41.95,6,LOW,transactional
plumbing pipes repair,1300,41.95,6,LOW,commercial
pipe repair plumbing,1300,41.95,6,LOW,commercial
pipe plumbing repair,1300,41.95,2,LOW,commercial
plumbing pipe repair,1300,41.95,13,LOW,commercial
home remodeling ads,170,41.67,,LOW,informational
how to install smoke detectors,170,41.33,21,LOW,informational
cost to install ceramic flooring,320,40.22,11,LOW,informational
ceramic flooring installation cost,320,40.22,,LOW,commercial
leads for home improvement,170,39.99,,LOW,informational
armour screen gutter guard how to install,50,39.95,,LOW,transactional
window replacement naperville,590,39.67,,LOW,commercial
naperville window replacement,590,39.67,,LOW,commercial
brick to brick window replacement,70,39.67,,LOW,commercial
emergency plumbing repair services,90,39.4,20,LOW,commercial
kitchen remodel clearwater fl,110,39.17,,LOW,commercial
kitchen remodel clearwater,110,39.17,,LOW,commercial
drywall repair venice fl,140,38.91,,LOW,commercial
kitchen remodel services,2900,38.76,46,LOW,commercial
kitchen remodel service,2900,38.76,43,LOW,commercial
outdoor plumbing repair near me,210,38.75,,LOW,commercial
low cost flooring installation,140,38.56,3,LOW,commercial
how to install psql,390,38.12,12,LOW,informational
replacement window installation companies,4400,38.12,27,LOW,commercial
professional window replacement,720,37.76,23,LOW,commercial
how to install board and batten siding,480,37.75,,LOW,informational
how to install batten board siding,480,37.75,2,LOW,informational
window replacement company,22200,37.59,26,LOW,commercial
replacement window company,22200,37.59,26,LOW,commercial
window replacement companies,22200,37.59,26,LOW,commercial
replacement window companies,22200,37.59,26,LOW,commercial
window replacement contractors,22200,37.59,37,LOW,commercial
window replacement windows,90,37.12,37,LOW,transactional
kitchen remodel ocala,390,37.07,1,LOW,commercial
kitchen remodel ocala fl,390,37.07,8,LOW,commercial
how to install a home ac compressor,50,37.06,,LOW,informational
how to install home ac compressor,50,37.06,1,LOW,informational
how to install metal roofing on mobile home,170,36.7,,LOW,informational
how to install metal roofing on a mobile home,170,36.7,,LOW,informational
how to install metal roof on a mobile home,170,36.7,,LOW,informational
how to install a metal roof on a mobile home,170,36.7,,LOW,informational
tuscaloosa window replacement,720,36.25,,LOW,commercial
window replacement tuscaloosa al,720,36.25,,LOW,commercial
window replacement tuscaloosa,720,36.25,,LOW,commercial
cast iron plumbing repair,140,36.23,,LOW,commercial
kitchen remodel cost estimate,70,35.85,,LOW,informational
estimate cost to remodel kitchen,70,35.85,,LOW,informational
estimated cost to remodel kitchen,70,35.85,14,LOW,informational
wood flooring repair cost,1300,35.75,,LOW,informational
hardwood flooring repair cost,1300,35.75,,LOW,informational
kitchen remodel bradenton fl,70,35.4,14,LOW,commercial
bradenton kitchen remodel,70,35.4,7,LOW,commercial
kitchen remodel bradenton,70,35.4,13,LOW,commercial
interior house painting services,590,34.87,1,LOW,commercial
whole house remodel contractors,880,34.65,1,LOW,commercial
sustainable home renovation,260,34.59,13,LOW,informational
fair price carpets,140,34.5,4,LOW,commercial
replacement window toronto,210,34.35,,LOW,commercial
window replacement toronto,210,34.35,11,LOW,commercial
toronto window replacement,210,34.35,4,LOW,commercial
window replacement in toronto,210,34.35,10,LOW,commercial
plumbing stack repair,170,34.16,,LOW,commercial
window replacement vt,110,33.89,,LOW,commercial
vermont window replacement,110,33.89,1,LOW,commercial
window replacement vermont,110,33.89,10,LOW,commercial
stemmle plumbing repair reviews,90,32.4,,LOW,informational
remodel kitchen and bath,90,31.95,24,LOW,commercial
laminate flooring replacement cost,170,31.64,,LOW,informational
contractor for window replacement,1000,30.7,33,LOW,commercial
replacement window contract,1000,30.7,,LOW,transactional
contractors for window replacement,1000,30.7,23,LOW,commercial
contractor window replacement,1000,30.7,37,LOW,commercial
replacement window contractor,1000,30.7,37,LOW,commercial
replacement window contractors,1000,30.7,37,LOW,commercial
personal loans for kitchen remodel,390,30.26,17,LOW,commercial
personal loan for kitchen remodel,390,30.26,17,LOW,transactional
bathroom flooring installation cost,260,30.23,,LOW,commercial
kitchen remodel st charles mo,140,30.13,,LOW,commercial
basement finishing services,320,30.09,15,LOW,commercial
basement finishing service,320,30.09,21,LOW,commercial
kitchen plumbing remodel,70,28.81,,LOW,informational
kitchen remodel plumbing,70,28.81,,LOW,commercial
plumbing drain repair,720,28.65,,LOW,commercial
cost of painting a room per square foot,70,28.62,23,LOW,informational
cost of painting room per square foot,70,28.62,,LOW,informational
kitchen remodel arvada,110,28.5,,LOW,commercial
arvada kitchen remodel,110,28.5,,LOW,commercial
basement finishing companies,1600,28.33,,LOW,commercial
80s kitchen remodel,70,28.21,,LOW,informational
80's kitchen remodel,70,28.21,,LOW,informational
remodel 80s kitchen,70,28.21,,LOW,informational
kitchen remodel bethesda,260,28.12,7,LOW,informational
kitchen remodel bethesda md,260,28.12,,LOW,commercial
bethesda kitchen remodel,260,28.12,,LOW,informational
kitchen remodel walnut creek ca,210,27.95,,LOW,commercial
kitchen remodel walnut creek,210,27.95,,LOW,commercial
walnut creek kitchen remodel,210,27.95,,LOW,informational
residential plumbing repair services,90,27.82,18,LOW,commercial
scottsdale kitchen remodel,880,27.13,,LOW,commercial
kitchen remodel scottsdale az,880,27.13,19,LOW,commercial
kitchen remodel scottsdale,880,27.13,,LOW,commercial
kitchen remodel ashburn,320,26.31,6,LOW,commercial
kitchen remodel ashburn va,320,26.31,4,LOW,commercial
365 solutions ac repair and plumbing,90,26,,LOW,commercial
kitchen and bath remodel company,260,25.23,42,LOW,commercial
drywall repair arvada co,140,25.21,,LOW,commercial
drywall repair arvada,140,25.21,,LOW,commercial
deck building permit requirements,1600,25.18,,LOW,informational
kitchen remodel columbia md,170,24.64,,LOW,commercial
iron fence installation,390,24.46,,LOW,commercial
kitchen remodel bergen county nj,110,24.45,8,LOW,commercial
kitchen remodel sterling va,70,24.26,5,LOW,commercial
basement finishing specialist,90,24.25,2,LOW,commercial
crawl space insulation installation cost,140,24.07,,LOW,commercial
cost to replace insulation in crawl space,140,24.07,,LOW,informational
cost to install crawl space insulation,140,24.07,,LOW,commercial
cost to replace crawl space insulation,140,24.07,,LOW,informational
cost to install insulation in crawl space,140,24.07,,LOW,informational
kitchen remodel expert,170,23.91,6,LOW,commercial
kitchen remodel experts,170,23.91,8,LOW,commercial
kitchen remodel bonita springs,170,23.63,,LOW,commercial
gainesville kitchen remodel,260,23.62,,LOW,commercial
kitchen remodel gainesville,260,23.62,6,LOW,commercial
kitchen bathroom remodel contractors,1300,23.57,28,LOW,commercial
kitchen and bathroom remodel contractors,1300,23.57,19,LOW,commercial
bathroom and kitchen remodel contractors,1300,23.57,19,LOW,commercial
kitchen and bath remodel contractors,1300,23.57,27,LOW,commercial
basement finishing in denver,260,23.55,9,LOW,commercial
basement finishing denver,260,23.55,7,LOW,commercial
kitchen remodel long beach ca,210,23.49,,LOW,commercial
long beach kitchen remodel,210,23.49,,LOW,informational
kitchen remodel long beach,210,23.49,,LOW,commercial
plumbing repair services,2900,23.41,35,LOW,commercial
service and repair plumbing,2900,23.41,19,LOW,commercial
plumbing service repair,2900,23.41,26,LOW,commercial
plumbing services repair,2900,23.41,35,LOW,commercial
plumbing repair service,2900,23.41,21,LOW,commercial
kitchen remodel san mateo,260,23.27,,LOW,commercial
san mateo kitchen remodel,260,23.27,,LOW,commercial
kitchen remodel san mateo ca,260,23.27,,LOW,commercial
marble flooring installation cost,260,22.63,,LOW,commercial
cost to install marble flooring,260,22.63,,LOW,informational
contractors basement finishing,6600,22.59,6,LOW,commercial
contractor basement finishing,6600,22.59,18,LOW,commercial
contractor for finishing basement,6600,22.59,,LOW,commercial
contractors for basement finishing,6600,22.59,7,LOW,commercial
crawl space insulation removal cost,70,22.31,,LOW,informational
contractors to remodel kitchen,210,22.29,14,LOW,commercial
general contractor for kitchen remodel,210,22.29,20,LOW,commercial
contractor to remodel kitchen,210,22.29,18,LOW,commercial
basement finishing aurora,170,22.2,,LOW,transactional
local plumbing repair,140,22.09,24,LOW,commercial
bellevue kitchen remodel,720,21.97,,LOW,informational
kitchen remodel bellevue,720,21.97,,LOW,commercial
cost of painting vinyl siding,210,21.19,,LOW,informational
deck building charlotte nc,880,20.67,13,LOW,commercial
floating flooring installation cost,390,20.61,,LOW,commercial
lakeland fence installation,70,20.57,,LOW,commercial
fence installation lakeland fl,70,20.57,,LOW,commercial
tile flooring removal cost,1000,20.14,,LOW,informational
plumbing repair service near me,1600,20.01,38,LOW,commercial
plumbing repair services near me,1600,20.01,42,LOW,commercial
master repair plumbing,110,19.79,6,LOW,commercial
redwood fence installation,210,19.72,,LOW,commercial
cost of labor to install vinyl flooring,170,19.48,,LOW,informational
vinyl flooring installation labor cost,170,19.48,,LOW,commercial
labor cost vinyl flooring,170,19.48,18,LOW,informational
labor cost to install vinyl flooring,170,19.48,,LOW,informational
cost painting exterior brick house,70,19.08,,LOW,commercial
texas plumbing repair 24/7,90,18.65,10,LOW,commercial
texas plumbing repair 24 7,90,18.65,16,LOW,commercial
baseboard painting cost,170,18.38,,LOW,informational
painting baseboards cost,170,18.38,,LOW,informational
security fence installation,110,18.36,16,LOW,commercial
plumbing repair omaha ne,70,18.34,23,LOW,commercial
plumbing repair omaha,70,18.34,23,LOW,commercial
basement finishing project,70,18.25,,LOW,commercial
basement finishing projects,70,18.25,13,LOW,commercial
finishing basement,5400,18.05,,LOW,commercial
plumbing repair toilet,49500,17.99,9,LOW,commercial
plumbing toilet repair,49500,17.99,11,LOW,commercial
toilet repair plumbing,49500,17.99,9,LOW,commercial
hardwood flooring installation cost per square foot,1600,17.82,,LOW,commercial
hardwood flooring installation cost per sq ft,1600,17.82,,LOW,commercial
vinyl siding painting cost,480,17.63,,LOW,informational
painting vinyl siding cost,480,17.63,,LOW,informational
cost of painting siding,90,17.55,,LOW,informational
residential plumbing repair near me,260,17.43,20,LOW,commercial
electric fence installation cost,590,17.41,,LOW,commercial
electric fence installation costs,590,17.41,,LOW,commercial
cost of electric fence installation,590,17.41,,LOW,commercial
basement finishing calculator,210,17.31,,LOW,informational
basement finishing estimates,210,17.31,1,LOW,informational
finishing a basement calculator,210,17.31,,LOW,informational
finishing basement calculator,210,17.31,,LOW,informational
basement finishing estimate,210,17.31,8,LOW,informational
finishing an unfinished basement,170,17.18,10,LOW,informational
finishing unfinished basement,170,17.18,10,LOW,informational
flooring tiles installation cost,320,17.16,,LOW,commercial
flooring tile installation cost,320,17.16,,LOW,commercial
professional dog fence installation,110,17.11,13,LOW,commercial
quotes for fence installation,480,17.09,13,LOW,commercial
quote fence installation,480,17.09,13,LOW,commercial
quote for fence installation,480,17.09,38,LOW,commercial
quote on fence installation,480,17.09,13,LOW,informational
fence installation quotes,480,17.09,39,LOW,commercial
fence installation quote,480,17.09,13,LOW,commercial
fence installation contractor near me,590,17,21,LOW,commercial
fence installation contractors near me,590,17,3,LOW,commercial
indianapolis basement finishing,170,16.7,,LOW,commercial
basement finishing indianapolis,170,16.7,,LOW,informational
simple basement finishing,140,16.69,2,LOW,informational
basic basement finishing,140,16.69,1,LOW,informational
cost for professional painting,390,16.54,1,LOW,informational
professional painting cost,390,16.54,1,LOW,commercial
cost of insulation removal,390,16.29,,LOW,informational
insulation removal cost,390,16.29,,LOW,informational
finishing basement contractors,33100,16.21,9,LOW,commercial
finishing basement contractor,33100,16.21,2,LOW,commercial
basement finishing contractor,33100,16.21,,LOW,commercial
basement finishing contractors,33100,16.21,9,LOW,commercial
basement finishing nj,1000,16.13,20,LOW,commercial
new jersey basement finishing,1000,16.13,5,LOW,commercial
basement finishing new jersey,1000,16.13,5,LOW,informational
nj basement finishing,1000,16.13,20,LOW,commercial
basement finishing in nj,1000,16.13,11,LOW,commercial
cost to finish hardwood flooring,110,16.05,23,LOW,informational
all four walls drywall repair,210,16.02,,LOW,commercial
cost of attic insulation per square foot,70,15.68,,LOW,informational
commercial plumbing repair,260,15.62,,LOW,commercial
woven wire fence installation,170,15.21,4,LOW,commercial
building rooftop deck,480,15.1,,LOW,informational
building a rooftop deck,480,15.1,,LOW,informational
install insulation cost,590,14.96,2,LOW,informational
insulation cost to install,590,14.96,,LOW,informational
insulation installation cost,590,14.96,2,LOW,informational
insulation install cost,590,14.96,2,LOW,informational
insulation installers cost,590,14.96,2,LOW,informational
painting exterior trim cost,260,14.92,,LOW,commercial
exterior trim painting cost,260,14.92,,LOW,commercial
cost of painting a 3000 square foot house,90,14.78,,LOW,informational
cost to install laminate wood flooring,260,14.76,14,LOW,commercial
cost to install hardwood laminate flooring,260,14.76,9,LOW,commercial
laminate hardwood flooring installation cost,260,14.76,7,LOW,commercial
cost to install wood laminate flooring,260,14.76,6,LOW,commercial
laminate wood flooring installation cost,260,14.76,14,LOW,commercial
laminate hardwood flooring cost installed,260,14.76,7,LOW,informational
hardwood laminate flooring installation cost,260,14.76,5,LOW,commercial
laminate wood flooring cost installed,260,14.76,14,LOW,commercial
laminate wood flooring install cost,260,14.76,20,LOW,commercial
cost for laminate wood flooring installation,260,14.76,14,LOW,commercial
laminate wood flooring installed cost,260,14.76,20,LOW,commercial
wood laminate flooring installation cost,260,14.76,8,LOW,commercial
cellulose insulation installation cost,90,14.59,,LOW,commercial
commercial fence installation,1000,14.26,30,LOW,commercial
custom deck building near me,1600,14.21,30,LOW,commercial
blown-in insulation cost per square foot,880,13.86,6,LOW,informational
blown insulation cost per square foot,880,13.86,6,LOW,informational
cost of blown in insulation per square foot,880,13.86,,LOW,informational
blown in insulation cost per square foot,880,13.86,6,LOW,informational
blown in insulation cost per sq ft,880,13.86,,LOW,informational
blow-in insulation cost per square foot,880,13.86,,LOW,informational
cost of blown-in insulation per square foot,880,13.86,,LOW,informational
blow in insulation cost per square foot,880,13.86,6,LOW,informational
blown-in insulation cost per sq ft,880,13.86,,LOW,informational
cedar fence installation,720,13.8,4,LOW,commercial
basement finishing colorado,260,13.64,1,LOW,informational
finishing a basement in colorado,260,13.64,7,LOW,informational
colorado basement finishing,260,13.64,7,LOW,commercial
basement finishing pittsburgh,90,13.58,,LOW,commercial
drywall repair specialist,390,13.51,5,LOW,commercial
drywall repair specialists,390,13.51,,LOW,commercial
how much does it cost to remove tile flooring,90,13.38,,LOW,informational
wood picket fence installation,90,13.24,14,LOW,commercial
basement insulation cost,260,13.2,,LOW,informational
painting house cost interior,1600,13.19,25,LOW,informational
painting interior of house cost,1600,13.19,,LOW,informational
interior home painting cost,1600,13.19,3,LOW,informational
interior house painting cost,1600,13.19,,LOW,informational
painting interior house cost,1600,13.19,1,LOW,informational
painting cost interior house,1600,13.19,25,LOW,informational
house interior painting cost,1600,13.19,25,LOW,informational
painting the house interior cost,1600,13.19,2,LOW,informational
painting house interior cost,1600,13.19,,LOW,informational
painting a house cost interior,1600,13.19,,LOW,informational
finishing basement cost,3600,13.15,,LOW,informational
basement finishing cost,3600,13.15,11,LOW,informational
basement finishing costs,3600,13.15,,LOW,informational
finishing a basement cost,3600,13.15,12,LOW,informational
finishing basement costs,3600,13.15,,LOW,informational
finishing the basement cost,3600,13.15,,LOW,informational
drywall ceiling repair cost,1300,13.15,,LOW,informational
ceiling drywall repair cost,1300,13.15,6,LOW,informational
drywall repair ceiling cost,1300,13.15,,LOW,informational
oak hardwood flooring installation cost,70,13.08,,LOW,commercial
professional chain link fence installation,260,13,5,LOW,commercial
deck building denver,320,12.78,9,LOW,commercial
cost tile flooring installed,12100,12.61,,LOW,informational
cost to install tile flooring,12100,12.61,14,LOW,informational
installation cost for tile flooring,12100,12.61,2,LOW,commercial
tile flooring install cost,12100,12.61,,LOW,commercial
tile flooring installation cost,12100,12.61,,LOW,commercial
cost of tile flooring and installation,12100,12.61,11,LOW,commercial
installation of tile flooring cost,12100,12.61,,LOW,informational
cost for tile flooring installation,12100,12.61,,LOW,commercial
tile flooring cost to install,12100,12.61,,LOW,commercial
fence installation vinyl,9900,12.55,,LOW,commercial
installation of vinyl fence,9900,12.55,,LOW,commercial
vinyl fence installation,9900,12.55,,LOW,commercial
plastic fence installation,9900,12.55,7,LOW,commercial
pvc fence installation,9900,12.55,,LOW,commercial
installation vinyl fence,9900,12.55,,LOW,commercial
cost to install vinyl sheet flooring,1300,12.41,5,LOW,informational
installation cost for sheet vinyl flooring,1300,12.41,,LOW,commercial
vinyl sheet flooring installation cost,1300,12.41,,LOW,commercial
cost of vinyl sheet flooring installation,1300,12.41,4,LOW,commercial
cost to install sheet vinyl flooring,1300,12.41,12,LOW,commercial
sheet vinyl flooring installation cost,1300,12.41,,LOW,commercial
custom deck building,1000,12.41,21,LOW,commercial
rubber flooring installation cost,140,12.31,,LOW,commercial
pool fence installation company,70,12.19,19,LOW,commercial
labor cost to install vinyl plank flooring,320,12.16,,LOW,commercial
drywall repair arlington,320,12.13,4,LOW,commercial
arlington drywall repair,320,12.13,,LOW,commercial
drywall repair arlington tx,320,12.13,,LOW,commercial
garage epoxy flooring installation cost,170,12.11,,LOW,commercial
cost to remove tile flooring,390,12.05,,LOW,informational
attic insulation cost per sq ft,260,12.01,,LOW,informational
attic insulation cost per sq foot,260,12.01,,LOW,informational
attic insulation cost per square foot,260,12.01,,LOW,informational
basement concrete wall finishing,140,12,,LOW,commercial
finishing concrete walls in basement,140,12,,LOW,informational
finishing concrete basement walls,140,12,,LOW,commercial
finishing basement concrete walls,140,12,,LOW,commercial
finishing a basement with concrete walls,140,12,,LOW,informational
residential fence installation near me,260,11.9,28,LOW,commercial
basement finishing price,4400,11.89,7,LOW,commercial
cost of finishing a basement,4400,11.89,,LOW,informational
cost for finishing basement,4400,11.89,,LOW,informational
basement finishing pricing,4400,11.89,1,LOW,commercial
basement finishing prices,4400,11.89,1,LOW,commercial
cost for basement finishing,4400,11.89,,LOW,informational
cost basement finishing,4400,11.89,,LOW,informational
cost for finishing a basement,4400,11.89,,LOW,informational
cost of basement finishing,4400,11.89,,LOW,informational
cost of finishing basement,4400,11.89,,LOW,informational
cost finishing basement,4400,11.89,12,LOW,informational
building a deck around a tree,210,11.86,,LOW,informational
building deck around tree,210,11.86,,LOW,transactional
building a deck around trees,210,11.86,,LOW,informational
countertop removal cost,70,11.86,,LOW,informational
deck building richmond,390,11.84,,LOW,commercial
silt fence installation cost,480,11.57,,LOW,commercial
silt fence installation price,480,11.57,,LOW,commercial
cost of professional cabinet painting,90,11.51,,LOW,commercial
professional cabinet painting cost,90,11.51,,LOW,commercial
painting aluminum siding cost,140,11.48,,LOW,informational
aluminum siding painting cost,140,11.48,,LOW,informational
cost of painting bedroom,480,11.47,,LOW,informational
cost for painting a bedroom,480,11.47,,LOW,informational
cost of painting a bedroom,480,11.47,,LOW,informational
average painting cost,320,11.44,2,LOW,informational
painting average cost,320,11.44,18,LOW,informational
average cost for painting,320,11.44,15,LOW,informational
deck building service,590,11.44,21,LOW,commercial
deck building services,590,11.44,21,LOW,commercial
metal fence painting cost,70,11.39,,LOW,commercial
finishing a basement cost estimator,170,11.39,6,LOW,informational
finishing basement cost estimator,170,11.39,6,LOW,informational
kitchen countertop install cost,1300,11.3,,LOW,informational
cost of kitchen countertop installation,1300,11.3,,LOW,informational
kitchen countertop installation cost,1300,11.3,,LOW,commercial
flooring repair cost,320,11.2,,LOW,informational
vinyl flooring removal cost,110,11.13,2,LOW,informational
lowe's fence installation reviews,90,11.12,,LOW,commercial
lowes fence installation review,90,11.12,,LOW,informational
lowes fence installation reviews,90,11.12,,LOW,informational
rhino shield painting cost,320,11.1,,LOW,informational
cost of removing insulation from attic,1300,11.04,,LOW,informational
removing attic insulation cost,1300,11.04,,LOW,informational
remove attic insulation cost,1300,11.04,,LOW,informational
attic insulation removal cost,1300,11.04,,LOW,informational
remove insulation from attic cost,1300,11.04,,LOW,informational
cost of attic insulation removal,1300,11.04,,LOW,informational
diy wooden fence installation,110,11,31,LOW,informational
do it yourself wood fence installation,110,11,20,LOW,informational
wood fence installation diy,110,11,22,LOW,informational
diy wood fence installation,110,11,5,LOW,informational
garage painting cost,390,10.9,,LOW,commercial
install vinyl flooring cost,8100,10.88,,LOW,commercial
installation cost for vinyl flooring,8100,10.88,,LOW,informational
vinyl flooring install cost,8100,10.88,,LOW,commercial
cost for vinyl flooring installed,8100,10.88,3,LOW,informational
cost to install vinyl flooring,8100,10.88,10,LOW,informational
cost of vinyl flooring and installation,8100,10.88,12,LOW,commercial
cost for installing vinyl flooring,8100,10.88,,LOW,informational
vinyl flooring cost installed,8100,10.88,,LOW,informational
cost of vinyl flooring installation,8100,10.88,,LOW,commercial
cost vinyl flooring installed,8100,10.88,,LOW,commercial
vinyl flooring installation cost,8100,10.88,,LOW,commercial
installed vinyl flooring cost,8100,10.88,,LOW,informational
cost for vinyl flooring installation,8100,10.88,,LOW,commercial
installation vinyl flooring cost,8100,10.88,,LOW,commercial
installing vinyl flooring cost,8100,10.88,,LOW,commercial
vinyl flooring cost to install,8100,10.88,,LOW,informational
cost to lay vinyl flooring,8100,10.88,12,LOW,informational
cost of vinyl flooring installed,8100,10.88,,LOW,commercial
vinyl flooring installed cost,8100,10.88,,LOW,informational
installation cost of vinyl flooring,8100,10.88,,LOW,informational
installation cost vinyl flooring,8100,10.88,,LOW,commercial
lvp flooring installation cost,12100,10.8,,LOW,commercial
lvp flooring install cost,12100,10.8,,LOW,commercial
house painting interior cost,5400,10.79,25,LOW,informational
cost of interior house painting,5400,10.79,25,LOW,informational
house painting cost interior,5400,10.79,8,LOW,informational
painting cost interior,5400,10.79,,LOW,informational
cost of painting interior,5400,10.79,,LOW,informational
painting interior cost,5400,10.79,,LOW,informational
interior painting cost,5400,10.79,,LOW,informational
cost interior painting,5400,10.79,,LOW,informational
cost for interior painting,5400,10.79,,LOW,informational
cost of interior painting,5400,10.79,2,LOW,informational
inside painting cost,5400,10.79,,LOW,informational
painting whole car cost,140,10.67,6,LOW,commercial
professional deck building,590,10.65,27,LOW,commercial
deck building products,590,10.65,27,LOW,transactional
commercial painting cost calculator,210,10.61,3,LOW,informational
drywall repair services,1900,10.52,2,LOW,commercial
drywall repair service,1900,10.52,5,LOW,commercial
deck building permit cost,720,10.5,6,LOW,informational
flooring removal cost,170,10.48,,LOW,informational
cost to blow insulation,110,10.47,6,LOW,commercial
cost to blow in insulation,110,10.47,,LOW,informational
siding painting cost,320,10.46,3,LOW,informational
painting siding cost,320,10.46,,LOW,informational
cost of insulation in attic,9900,10.45,,LOW,informational
cost insulation attic,9900,10.45,,LOW,informational
insulation of attic cost,9900,10.45,,LOW,informational
cost attic insulation,9900,10.45,,LOW,commercial
attic insulation cost,9900,10.45,,LOW,informational
insulation in attic cost,9900,10.45,,LOW,informational
cost of attic insulation,9900,10.45,,LOW,informational
cost of insulation for attic,9900,10.45,,LOW,informational
insulation cost attic,9900,10.45,,LOW,informational
cost for attic insulation,9900,10.45,,LOW,informational
insulation for attic cost,9900,10.45,,LOW,informational
insulation cost for attic,9900,10.45,,LOW,informational
cost for insulation in attic,9900,10.45,,LOW,informational
insulation attic cost,9900,10.45,,LOW,informational
cost to install carpet flooring,49500,10.43,12,LOW,informational
carpet flooring installation cost,49500,10.43,2,LOW,commercial
fence installation company,2400,10.38,34,LOW,commercial
fence installation companies,2400,10.38,34,LOW,commercial
san diego plumbing repair,720,10.34,11,LOW,commercial
drywall insulation cost,170,10.28,,LOW,informational
cost of insulation and drywall,170,10.28,,LOW,informational
insulation and drywall cost,170,10.28,,LOW,informational
sheetrock and insulation cost,170,10.28,,LOW,informational
drywall and insulation cost,170,10.28,4,LOW,informational
do you need a building permit to build a deck,880,10.18,,LOW,informational
cost of deer fence installation,110,10.07,,LOW,commercial
deer fence installation cost,110,10.07,,LOW,commercial
hole in the wall drywall repair reviews,210,10.06,,LOW,informational
outdoor painting cost,2900,10.05,19,LOW,commercial
cost of painting exterior,2900,10.05,,LOW,informational
exterior house painting cost,2900,10.05,2,LOW,commercial
exterior painting house cost,2900,10.05,5,LOW,commercial
exterior home painting cost,2900,10.05,10,LOW,commercial
house painting exterior cost,2900,10.05,10,LOW,informational
painting house exterior cost,2900,10.05,,LOW,informational
house painting cost exterior,2900,10.05,12,LOW,informational
outside painting cost,2900,10.05,12,LOW,commercial
painting cost exterior,2900,10.05,4,LOW,informational
cost of exterior painting,2900,10.05,12,LOW,commercial
labor painting cost,390,9.97,4,LOW,informational
cost of labor for painting,390,9.97,4,LOW,informational
labor cost for painting,390,9.97,,LOW,informational
cost of labour for painting,390,9.97,1,LOW,informational
labour cost for painting,390,9.97,1,LOW,informational
labour cost of painting,390,9.97,1,LOW,informational
labor cost of painting,390,9.97,4,LOW,informational
painting labor cost,390,9.97,,LOW,informational
invisible fence installation cost,1600,9.74,,LOW,commercial
underground fence installation cost,1600,9.74,,LOW,commercial
invisible dog fence installation cost,1600,9.74,,LOW,commercial
pet fence installation cost,1600,9.74,,LOW,commercial
cost of dog fence installation,1600,9.74,,LOW,commercial
dog fence installation cost,1600,9.74,,LOW,commercial
interior trim painting cost,170,9.68,,LOW,commercial
laminate flooring cost installed,22200,9.62,5,LOW,informational
laminate flooring installation cost,22200,9.62,5,LOW,commercial
laminate flooring installed cost,22200,9.62,5,LOW,informational
install laminate flooring cost,22200,9.62,5,LOW,commercial
laminate flooring install cost,22200,9.62,5,LOW,commercial
laminate flooring cost to install,22200,9.62,5,LOW,informational
installed laminate flooring cost,22200,9.62,5,LOW,informational
installing laminate flooring cost,22200,9.62,5,LOW,informational
installation laminate flooring cost,22200,9.62,5,LOW,commercial
install cost for laminate flooring,22200,9.62,5,LOW,commercial
installation cost for laminate flooring,22200,9.62,5,LOW,commercial
bedroom painting cost,2400,9.54,,LOW,informational
painting a room cost,2400,9.54,4,LOW,informational
cost painting a room,2400,9.54,,LOW,informational
cost for painting room,2400,9.54,4,LOW,informational
cost for room painting,2400,9.54,2,LOW,informational
painting room cost,2400,9.54,15,LOW,informational
painting rooms cost,2400,9.54,2,LOW,informational
cost of painting room,2400,9.54,,LOW,informational
cost of painting a room,2400,9.54,2,LOW,informational
cost of room painting,2400,9.54,2,LOW,informational
cost for painting a room,2400,9.54,,LOW,informational
room painting cost,2400,9.54,8,LOW,informational
drywall repair professional,880,9.49,1,LOW,commercial
drywall repair professionals,880,9.49,4,LOW,commercial
professional drywall repair,880,9.49,10,LOW,commercial
cost to replace insulation in attic,3600,9.49,,LOW,informational
attic insulation install cost,3600,9.49,,LOW,commercial
cost of replacing insulation in attic,3600,9.49,,LOW,informational
cost for attic insulation installation,3600,9.49,,LOW,informational
attic insulation replacement cost,3600,9.49,,LOW,informational
cost of attic insulation installation,3600,9.49,,LOW,informational
cost to install insulation in attic,3600,9.49,,LOW,informational
cost to install attic insulation,3600,9.49,,LOW,informational
attic insulation installation cost,3600,9.49,,LOW,commercial
cost to replace attic insulation,3600,9.49,,LOW,informational
installed hardwood flooring cost,33100,9.45,20,LOW,informational
hardwood flooring cost installed,33100,9.45,22,LOW,informational
hardwood flooring installation cost,33100,9.45,1,LOW,commercial
install hardwood flooring cost,33100,9.45,1,LOW,commercial
hardwood flooring install cost,33100,9.45,22,LOW,commercial
cost of painting fence,480,9.43,,LOW,commercial
commercial painting cost per sq ft,140,9.43,,LOW,informational
commercial painting cost per square foot,140,9.43,,LOW,informational
cost of commercial painting per square foot,140,9.43,,LOW,informational
fence painting cost,480,9.43,,LOW,commercial
cost of painting a fence,480,9.43,,LOW,informational
painting fence cost,480,9.43,,LOW,commercial
retaining wall fence installation,90,9.41,,LOW,transactional
installation fence electric,1000,9.39,,LOW,commercial
electric fence installation,1000,9.39,,LOW,commercial
vinyl flooring replacement cost,260,9.35,,LOW,informational
cost of laying vinyl flooring,260,9.35,12,LOW,informational
cost to replace vinyl flooring,260,9.35,,LOW,informational
cost for insulation installation,320,9.33,2,LOW,informational
cost of insulation installation,320,9.33,2,LOW,informational
cost of installing insulation,320,9.33,2,LOW,informational
cost to install insulation,320,9.33,,LOW,informational
cost to replace insulation,320,9.33,,LOW,informational
residential fence installation,390,9.3,5,LOW,commercial
tap insulation cost,140,9.21,,LOW,informational
fence installation and repairs,140,9.06,8,LOW,commercial
fence installation and repair,140,9.06,7,LOW,commercial
professional interior painting cost,210,9.03,,LOW,commercial
average cost of cabinet painting,170,8.98,,LOW,informational
cost of painting kitchen cabinets,2400,8.96,,LOW,informational
painting kitchen cabinets cost,2400,8.96,,LOW,informational
kitchen cabinets painting cost,2400,8.96,,LOW,informational
kitchen cabinet painting cost,2400,8.96,,LOW,informational
bathroom countertop installation cost,260,8.89,,LOW,commercial
cost of painting soffits and fascias,90,8.88,,LOW,informational
cost of painting 2 story house,170,8.85,,LOW,informational
cost of painting a two story house,170,8.85,,LOW,informational
barbed wire fence installation,390,8.78,,LOW,commercial
installation of barbed wire fence,390,8.78,,LOW,commercial
handyman for drywall repair,1600,8.76,3,LOW,commercial
handyman drywall repair,1600,8.76,3,LOW,commercial
drywall repair handyman,1600,8.76,3,LOW,commercial
deck building permits,6600,8.62,5,LOW,informational
permit for deck building,6600,8.62,,LOW,transactional
deck building permit,6600,8.62,9,LOW,transactional
underground dog fence installation cost,70,8.62,,LOW,commercial
building a deck to code,90,8.57,,LOW,informational
building deck to code,90,8.57,8,LOW,commercial
fiberglass vs cellulose blown insulation cost,110,8.53,,LOW,commercial
drywall hole repair cost,70,8.44,10,LOW,informational
hole in drywall repair cost,70,8.44,2,LOW,informational
cost of spray foam insulation installation,320,8.38,,LOW,commercial
spray foam insulation installation cost,320,8.38,,LOW,commercial
cost to install spray foam insulation,320,8.38,,LOW,commercial
cost of installing spray foam insulation,320,8.38,,LOW,commercial
estimate attic insulation cost,1300,8.07,,LOW,informational
attic insulation cost calculator,1300,8.07,13,LOW,informational
attic insulation cost estimator,1300,8.07,,LOW,informational
installation chain link fence,9900,8.01,26,LOW,commercial
installation of chain link fence,9900,8.01,26,LOW,commercial
frost fence installation,9900,8.01,,LOW,commercial
chain wire fence installation,9900,8.01,,LOW,commercial
cyclone fence installation,9900,8.01,3,LOW,commercial
fence installation chain link,9900,8.01,,LOW,transactional
chain fence installation,9900,8.01,,LOW,commercial
chain link fence installation,9900,8.01,,LOW,commercial
fence chain link installation,9900,8.01,27,LOW,commercial
fence installation cost per linear foot,210,7.99,6,LOW,commercial
spray foam insulation cost per sq ft calculator,170,7.82,,LOW,commercial
drywall repair cost,6600,7.69,3,LOW,informational
repair drywall cost,6600,7.69,3,LOW,informational
drywall repair costs,6600,7.69,,LOW,informational
professional fence installation,720,7.57,17,LOW,commercial
fence installation pro,720,7.57,16,LOW,commercial
drywall installation and repair,260,7.56,22,LOW,commercial
drywall install and repair,260,7.56,12,LOW,commercial
drywall repair and installation,260,7.56,8,LOW,commercial
drywall repair and install,260,7.56,12,LOW,commercial
best fence installation near me,170,7.35,12,LOW,commercial
black chain link fence installation,110,7.29,9,LOW,commercial
installation of privacy fence,3600,7.25,4,LOW,commercial
privacy fence installation,3600,7.25,4,LOW,commercial
composite deck building,1000,7.15,9,LOW,commercial
building deck with composite,1000,7.15,11,LOW,transactional
building a composite deck,1000,7.15,5,LOW,informational
building composite deck,1000,7.15,9,LOW,informational
building a deck with composite decking,1000,7.15,9,LOW,informational
high tensile fence installation,210,7.06,,LOW,commercial
home depot fence installation reviews,90,7.06,,LOW,informational
home depot fence installation review,90,7.06,2,LOW,informational
building deck over concrete steps,90,6.92,,LOW,informational
building a deck over cement steps,90,6.92,,LOW,informational
building a deck over concrete stairs,90,6.92,,LOW,informational
building a deck over concrete steps,90,6.92,,LOW,informational
wrought iron fence installation,1600,6.83,7,LOW,commercial
deck building code georgia,90,6.75,,LOW,informational
georgia deck building code,90,6.75,,LOW,informational
deck building codes georgia,90,6.75,,LOW,informational
georgia deck building codes,90,6.75,,LOW,informational
deck building codes in georgia,90,6.75,,LOW,informational
drywall screw pops repair,70,6.43,,LOW,transactional
drywall screw pop repair,70,6.43,,LOW,commercial
deck building contractors,6600,6.41,30,LOW,commercial
deck building contractor,6600,6.41,30,LOW,commercial
building a deck video,70,6.38,24,LOW,informational
deck building videos,70,6.38,24,LOW,informational
deck building video,70,6.38,24,LOW,informational
deck building jobs,170,6.25,,LOW,informational
deck building diagrams,70,6.24,17,LOW,informational
deck building diagram,70,6.24,11,LOW,informational
drywall repair lakeland fl,140,6.09,,LOW,commercial
drywall repair lakeland,140,6.09,,LOW,commercial
drywall repair videos,140,6.08,4,LOW,informational
video drywall repair,140,6.08,4,LOW,informational
repair drywall video,140,6.08,3,LOW,informational
drywall repair video,140,6.08,7,LOW,informational
drywall repair how to video,140,6.08,4,LOW,informational
how to repair popped drywall nails,720,5.94,,LOW,informational
how to repair nail pops in drywall,720,5.94,,LOW,informational
how to repair drywall nail pops,720,5.94,,LOW,informational
how to repair popped nails in drywall,720,5.94,1,LOW,informational
deck building layout,720,5.86,12,LOW,informational
cost of drywall repair per square foot,590,5.85,,LOW,informational
drywall repair costs per square foot,590,5.85,,LOW,informational
drywall repair cost per sq ft,590,5.85,,LOW,informational
drywall repair cost per square foot,590,5.85,,LOW,informational
how to repair water damage on drywall,320,5.66,,LOW,informational
how to repair drywall damaged by water,320,5.66,,LOW,informational
how to repair water damage drywall,320,5.66,,LOW,informational
how to repair water damage to drywall,320,5.66,,LOW,informational
how to repair water damaged drywall,320,5.66,,LOW,informational
how to repair drywall water damage,320,5.66,,LOW,informational
how to repair drywall after water damage,320,5.66,,LOW,informational
how to repair drywall from water damage,320,5.66,,LOW,informational
labor for building a deck,70,5.22,8,LOW,informational
contractor drywall repair,8100,5.13,7,LOW,commercial
drywall repair contractors,8100,5.13,,LOW,commercial
drywall repair contractor,8100,5.13,6,LOW,commercial
cost to install quartz countertop,3600,5.09,,LOW,informational
quartz countertop installation cost,3600,5.09,,LOW,commercial
quartz countertop cost installed,3600,5.09,,LOW,commercial
deck building menards,2900,5.03,,LOW,commercial
cost to drill hole in quartz countertop,90,5.01,,LOW,informational
calculate cost of building a deck,590,4.78,8,LOW,informational
deck building cost calculator,590,4.78,1,LOW,informational
building a deck cost calculator,590,4.78,2,LOW,informational
cost of granite countertop installation,5400,4.74,,LOW,informational
granite countertop install cost,5400,4.74,,LOW,informational
cost to replace granite countertop,5400,4.74,,LOW,informational
granite countertop installation cost,5400,4.74,,LOW,informational
granite countertop installed cost,5400,4.74,,LOW,commercial
cost of granite countertop installed,5400,4.74,,LOW,informational
countertop resurfacing cost,140,4.74,,LOW,informational
building a floating deck next to house,140,4.72,,LOW,transactional
building deck lowes,2900,4.67,13,LOW,transactional
lowes deck building,2900,4.67,6,LOW,transactional
deck building lowes,2900,4.67,16,LOW,transactional
building a deck lowes,2900,4.67,6,LOW,commercial
building a deck attached to the house,90,4.61,6,LOW,informational
building a deck attached to house,90,4.61,3,LOW,informational
building deck attached to house,90,4.61,,LOW,transactional
granite countertop repair cost,90,4.47,,LOW,informational
countertop installation cost,1600,4.39,,LOW,commercial
install countertop cost,1600,4.39,,LOW,informational
cost of countertop installation,1600,4.39,,LOW,informational
cost to install countertop,1600,4.39,,LOW,informational
cost to replace countertop,1600,4.39,,LOW,informational
countertop install cost,1600,4.39,,LOW,commercial
cost for countertop installation,1600,4.39,,LOW,informational
cost of ceiling drywall repair,210,4.34,,LOW,informational
cost for drywall ceiling repair,210,4.34,,LOW,informational
cost of drywall repair on ceiling,210,4.34,,LOW,informational
cost to repair ceiling drywall,210,4.34,,LOW,informational
cost to repair drywall ceiling,210,4.34,,LOW,informational
labor cost for deck building,390,4.31,,LOW,informational
deck building labor rates,390,4.31,19,LOW,informational
labor cost of building a deck,390,4.31,,LOW,informational
labor cost for building a deck,390,4.31,,LOW,informational
deck building labor prices,390,4.31,27,LOW,informational
labor costs for building a deck,390,4.31,,LOW,informational
labor cost deck building,390,4.31,,LOW,informational
labor cost on building a deck,390,4.31,,LOW,commercial
drywall repair franchises,210,4.27,4,LOW,commercial
drywall repair franchise,210,4.27,7,LOW,commercial
concrete countertop cost diy,90,4.19,,LOW,informational
concrete countertop diy cost,90,4.19,,LOW,informational
deck building guidelines,480,4.17,4,LOW,informational
building a deck guidelines,480,4.17,21,LOW,informational
building a deck guide,480,4.17,4,LOW,informational
deck building guides,480,4.17,4,LOW,informational
deck building guide,480,4.17,4,LOW,informational
cost of quartz countertop installation,4400,4.02,,LOW,commercial
cost of quartz countertop installed,4400,4.02,,LOW,commercial
countertop fabrication cost,70,4.01,,LOW,commercial
deck building courses,70,3.94,,LOW,commercial
deck building course,70,3.94,,LOW,informational
deck building class,70,3.94,,LOW,informational
deck building classes,70,3.94,3,LOW,informational
drywall crack repair cost,90,3.94,,LOW,informational
drywall installation repair,90,3.91,23,LOW,commercial
butcher block countertop installation cost,1300,3.9,,LOW,commercial
deck building calculator,12100,3.86,23,LOW,informational
how much does it cost for granite countertop installation,210,3.82,,LOW,informational
how much does it cost to install a granite countertop,210,3.82,,LOW,informational
average cost of quartz countertop installation,140,3.72,,LOW,commercial
average cost of quartz countertop installed,140,3.72,,LOW,commercial
average cost to install quartz countertop,140,3.72,,LOW,commercial
deck building labor cost,170,3.65,,LOW,informational
top of the rock observation deck vs empire state building,880,3.62,,LOW,informational
granite countertop cost per square foot installed,90,3.53,,LOW,commercial
calculate granite countertop cost,210,3.43,,LOW,informational
how much does a concrete countertop cost,140,3.11,,LOW,informational
home depot countertop installation cost,210,2.95,,LOW,commercial
countertop installation cost home depot,210,2.95,,LOW,commercial
quartz countertop installation cost per square foot,90,2.81,,LOW,commercial
quartz countertop cost calculator,210,2.8,,LOW,informational
concrete countertop installation cost,590,2.79,,LOW,commercial
replace laminate countertop cost,1600,2.65,,LOW,informational
laminate countertop replacement cost,1600,2.65,,LOW,informational
cost to replace laminate countertop,1600,2.65,,LOW,commercial
laminate countertop installation cost,1000,2.65,,LOW,informational
estimate countertop cost,390,2.59,,LOW,informational
countertop cost calculator,390,2.59,3,LOW,informational
calculating countertop cost,390,2.59,,LOW,informational
countertop cost estimator,390,2.59,,LOW,commercial
quartz countertop installation cost calculator,210,2.44,,LOW,informational
granite countertop fabrication cost,70,2.37,,LOW,commercial
countertop installation cost calculator,140,2.22,,LOW,informational
granite countertop removal cost,110,2.21,,LOW,informational
corian countertop installation cost,210,2.16,,LOW,commercial
marble countertop installation cost,210,1.91,,LOW,informational
recycled glass countertop cost,110,1.84,,LOW,informational
granite countertop refinishing cost,70,1.77,,LOW,commercial
formica countertop installation cost,210,1.5,3,LOW,commercial
granite countertop cost calculator,90,1.24,,LOW,informational
countertop installation labor cost,110,1.19,,LOW,commercial
solid surface countertop installation cost,70,1.17,,LOW,commercial
countertop refinishing cost,140,0.96,,LOW,informational
quartz countertop vs granite cost,880,0.84,,LOW,commercial
quartz vs granite countertop cost,880,0.84,,LOW,commercial
countertop cost quartz vs granite,880,0.84,,LOW,commercial
marble countertop cost per sq ft,70,0.66,,LOW,informational
cost of marble countertop per square foot,70,0.66,,LOW,informational
cost per square foot marble countertop,70,0.66,,LOW,informational
marble countertop cost per square foot,70,0.66,,LOW,informational
carrara marble countertop cost,70,0.63,,LOW,commercial
soapstone countertop cost per square foot,140,0.62,,LOW,informational
cost of quartz countertop vs granite,70,0.51,,LOW,informational
butcher block countertop cost vs granite,70,0.43,,LOW,commercial
butcher block countertop vs granite cost,70,0.43,,LOW,commercial
concrete countertop cost vs granite,70,0,,LOW,commercial
laminate countertop installation cost calculator,90,0,,LOW,commercial
countertop microwave installation cost,260,0,,LOW,informational
concrete vs granite countertop cost,70,0,,LOW,informational
