keyword,search_volume,cpc,keyword_difficulty,intent
water damage repair service,390,490.85,31,commercial
plumbing in brisbane,70,403.73,4,commercial
active electrical cables,140,319.53,,transactional
heat pump ac repair,590,277.4,,commercial
heat pump air conditioner repair,590,277.4,4,commercial
vent leaking water,210,272.57,,informational
double glazed window quote,70,261.25,,informational
preventing water damage,140,253.63,13,informational
water damage prevention,140,253.63,8,commercial
electric boiler repairs,70,208.54,,commercial
electric boiler repair,70,208.54,,commercial
moisture damage laminate flooring,90,166.85,,informational
water heater constantly running,140,164.93,,transactional
water heater keeps running,140,164.93,,transactional
flooded home repair,70,164.14,11,informational
water proofing services,70,158.81,13,commercial
composite roof repair,140,154.2,,commercial
cost to dig out crawl space,110,143.94,,informational
water damage remediation companies,390,141.26,31,commercial
water damage remediation company,390,141.26,25,commercial
installing slate tile,140,134.84,,informational
slate tile installation,140,134.84,,commercial
install 240v breaker,110,132.19,1,informational
well water turning brown,110,130.9,,informational
well water turned brown,110,130.9,,informational
emergency water damage,880,130.8,2,informational
hot water unclog drain,70,130.3,,transactional
electrical burning smell in house,210,128.39,,informational
water leaking from ac vent in ceiling,170,125.71,,informational
cost to become a nurse,110,124.19,4,informational
water heater repair mesa az,140,122.94,,commercial
federal way kitchen remodel,70,122.82,,informational
coastal kitchens and floors,70,120.98,3,commercial
concrete pier foundation cost,70,116.7,,informational
flooded basement restoration,140,115.85,3,commercial
water heater repair frisco tx,170,115.6,,commercial
water heater repair las vegas nv,590,113.29,,commercial
water heater repair in las vegas,590,113.29,,commercial
las vegas water heater repair,590,113.29,,commercial
rinnai tankless hot water heater repair,140,112.82,,commercial
gpt 4o mini cost,110,110.41,19,informational
gutter guard installation cost per linear foot,210,110.21,,commercial
concrete foundation installation,90,108.34,,transactional
ceiling grid installation cost,70,108.03,,informational
cost to install ceiling grid,70,108.03,,informational
water heater repair plano,170,105.54,,informational
how often should i flush my water heater,320,105.11,2,informational
bad flooring installation,70,99.78,,commercial
bad floor installation,70,99.78,,informational
24 hour plumbing repair,480,98.61,,commercial
turn on gas water heater,140,98.36,,informational
turn on gas to water heater,140,98.36,,informational
turn on water heater gas,140,98.36,,informational
frozen tankless water heater,390,97.41,,transactional
water tank heater installation,6600,97.31,,commercial
tank water heater install,6600,97.31,9,commercial
window replacement deltona,390,94.47,,commercial
wood flooring marietta,70,94.27,3,transactional
water heater igniter repair,480,92.33,,commercial
how long does it take to install gutters,170,91.09,,informational
sprinkler valve repair cost,110,91.04,7,commercial
average cost for advertising a small business,90,91.02,3,commercial
water damage ceiling tiles,210,90.59,,informational
how to restart pilot light on water heater,170,89.54,,informational
bathroom remodel return on investment,260,89.23,11,informational
plumbing water leak repair,70,89.18,8,commercial
home plumbing repair,720,88.56,17,commercial
plumbing and home repair,720,88.56,6,commercial
how to shut off water heater,720,88.5,,informational
home water pump repair,110,88.38,,commercial
how much does penetration testing cost,170,87.61,,informational
how to replace expansion tank on water heater,260,87.1,,informational
how to replace an expansion tank on a water heater,260,87.1,,informational
ceiling painting services,110,86.88,,commercial
knee replacement surgery cost without insurance,70,86.83,8,informational
how to relight pilot light on water heater without igniter,260,86.62,,informational
adenoids operation cost,110,85.59,,informational
how to install compression fitting,320,85.46,,informational
how to install a compression fitting,320,85.46,,informational
cost for advertising on tv,590,84.36,17,commercial
emergency plumbing repair,1300,84.36,25,commercial
plumbing burst pipe repair,70,83.78,,commercial
water heater smells like gas but no leak,210,83.76,,informational
finishes in interior design,70,83.59,,informational
interior design finishes,70,83.59,,informational
water damaged cabinets,210,83.35,,informational
professional gutter installation,720,83.31,1,commercial
fireplace tile installation,590,82.73,,commercial
cost for poured concrete walls,140,82.45,,informational
how much to charge to install sod,90,82.11,4,informational
water heater repair allen tx,110,82.05,,commercial
is it normal for water heater to leak,140,81.04,11,informational
api cost,320,80.99,37,informational
why is water heater making noise,110,79.68,,informational
water heater repair charleston sc,110,79.05,,commercial
cost to plumb a bathroom,70,78.59,5,informational
commercial plumbing repair near me,140,78.36,17,commercial
water damage in bathroom walls,110,78.18,,informational
window replacement elgin,90,78.17,,commercial
window replacement elgin il,90,78.17,,commercial
water heater blow off valve leaking,140,78.15,,informational
pop off valve water heater leaking,140,78.15,,informational
water heater pop off valve leaking,140,78.15,,informational
24 hour water heater repair,110,77.97,16,informational
24-hour water heater repair,110,77.97,16,commercial
how often to flush hot water heater,140,76.67,,informational
bathroom remodeling salem,90,76.36,10,commercial
how much do brazilian waxes usually cost,70,75.18,,informational
window replacement service near me,590,75.09,23,commercial
window replacement services near me,590,75.09,23,commercial
water heater repair springfield mo,110,74.43,,commercial
tarr's home improvement,70,73.96,,commercial
honeywell hot water heater no status light,320,73.8,,informational
window replacement gallatin tn,110,73.74,,commercial
emergency plumbing repair near me,480,73.73,11,commercial
full service window replacement,260,73.53,61,commercial
water heater pipe size,140,73.41,,transactional
window replacement experts,70,73.32,35,commercial
cracked roof tile,140,73.21,,transactional
how to install water shut off valve for toilet,50,73.18,1,informational
interior installation services,70,72.91,,commercial
patio enclosure builders,110,72.89,13,commercial
plumbing pipe repair near me,210,72.07,4,commercial
az-104 exam cost,90,71.45,7,informational
how to install chain drive garage door opener,50,71.13,,informational
fence inspection,70,70.69,,commercial
roof tile inspection,170,69.08,,informational
westside kitchen and bath,480,67.95,,commercial
how much is it to install a radon mitigation system,50,67.57,,commercial
cost to install surround sound,70,67.4,,informational
window replacement lebanon tn,70,67.35,,commercial
install bathroom vanity countertop,210,67.01,,transactional
gas valve replacement cost,260,66.58,,informational
underpinning foundation repair,260,66.46,,informational
retaining wall shoring,70,66.36,,transactional
widen driveway with concrete,260,66.03,,transactional
mold damage repair,390,65.51,38,commercial
vertex ai cost,140,64.74,,informational
cost of sand filter septic system,90,63.99,,informational
sand filter septic system cost,90,63.99,,commercial
sand filtration septic system cost,90,63.99,,commercial
modern home improvements,110,63.56,1,commercial
custom made windows and doors,720,61.97,45,commercial
custom made doors and windows,720,61.97,13,commercial
how much do tabs cost,210,61.81,37,informational
how much does tabs cost,210,61.81,47,informational
mobile home roof pitch,90,61.76,,transactional
elb cost,210,61.11,13,informational
elastic load balancing cost,210,61.11,,informational
water damage in attic,110,61.1,,informational
attic water damage,110,61.1,,informational
toilet repair and installation,70,61.02,,commercial
soliris cost,210,60.61,,commercial
salle de bains renovation,1000,59.92,,commercial
window nailing fin replacement,70,59.79,,commercial
cost for a commercial,210,59.74,2,commercial
kaiser permanente vasectomy cost,210,58.62,,informational
standing seam metal roof how to install,140,57.16,,informational
how to install skimmer in concrete pool,50,56.96,,informational
plumbing repair company,260,56.68,20,commercial
plumbing repair companies,260,56.68,4,commercial
repair plumbing co,260,56.68,20,commercial
drywall flood cut,170,55.99,,transactional
bathroom renovation specialists,90,55.21,36,commercial
plumbing snake repair,210,55.2,,commercial
kitchen renovation services,590,54.19,43,commercial
basement finishing fort collins co,170,54.13,6,commercial
stelara shot cost,110,52.68,,informational
window replacement encinitas,70,52.54,,commercial
property management software cost,90,52.25,2,commercial
radon mitigation fan installation cost,70,52.24,,commercial
local contractors for window replacement,320,52.15,14,commercial
ac condenser installation cost,70,52.08,9,commercial
tolvaptan cost,320,52.06,,informational
epclusa cost,880,51.97,,informational
pex repipe cost,320,51.77,,informational
fireplace wall installation cost,70,51.52,,commercial
home additions and renovations,140,51.23,8,informational
spark plugs labor cost,140,51.01,,informational
1980s home renovation,70,50.96,,informational
cost to replace concrete slab,140,50.76,2,informational
concrete slab replacement cost,140,50.76,2,informational
smart home automation and security,70,50.52,60,commercial
residential window replacement companies near me,140,50.38,30,commercial
signature window replacement,260,50.32,8,commercial
signature window and door replacement,260,50.32,9,transactional
commercial flat roof repair,720,50.14,13,commercial
window replacement la crosse,70,49.97,,commercial
sewer plumbing repair,1000,49.77,,commercial
sewer and plumbing repair,1000,49.77,,commercial
water stains on drywall,320,49.72,,informational
water stained drywall,320,49.72,,informational
melbourne window replacement,70,49.33,,commercial
window replacement in melbourne,70,49.33,,commercial
vinyl window replacement companies,110,49.27,53,commercial
trenchless plumbing repair,210,49.2,13,commercial
how much to install a paver patio,70,48.82,5,commercial
window replacement ames,390,48.8,,commercial
kitchen renovation company,720,48.12,25,commercial
drywall repair dc,110,47.82,,commercial
how to install team,170,45.51,17,informational
smart home solar,480,45.2,,commercial
window replacement leads,110,45.19,,commercial
window replacement lead,110,45.19,,transactional
smart home system installation,480,44.51,,commercial
how to install dryer outlet 3 prong,210,44.12,,informational
how to install 3 prong dryer outlet,210,44.12,,informational
smart home security solutions,880,43.95,62,commercial
window replacement specialist,90,43.51,15,commercial
window replacement specialists,90,43.51,28,commercial
window replacement wisconsin,140,43.27,5,commercial
copeland heating air conditioning plumbing and electrical repair services,480,43.22,5,commercial
window replacement in tn,110,43.18,9,commercial
window replacement tennessee,110,43.18,6,commercial
window replacement port st lucie fl,170,42.88,,commercial
plumbing repair pipe,1300,41.95,6,transactional
plumbing pipes repair,1300,41.95,6,commercial
home remodeling ads,170,41.67,,informational
how to install smoke detectors,170,41.33,21,informational
cost to install ceramic flooring,320,40.22,11,informational
ceramic flooring installation cost,320,40.22,,commercial
leads for home improvement,170,39.99,,informational
armour screen gutter guard how to install,50,39.95,,transactional
window replacement naperville,590,39.67,,commercial
brick to brick window replacement,70,39.67,,commercial
emergency plumbing repair services,90,39.4,20,commercial
drywall repair venice fl,140,38.91,,commercial
kitchen remodel services,2900,38.76,46,commercial
kitchen remodel service,2900,38.76,43,commercial
outdoor plumbing repair near me,210,38.75,,commercial
how to install xwfe water filter,170,38.62,6,informational
low cost flooring installation,140,38.56,3,commercial
how to install psql,390,38.12,12,informational
replacement window installation companies,4400,38.12,27,commercial
professional window replacement,720,37.76,23,commercial
how to install board and batten siding,480,37.75,,informational
how to install batten board siding,480,37.75,2,informational
window replacement company,22200,37.59,26,commercial
window replacement companies,22200,37.59,26,commercial
window replacement contractors,22200,37.59,37,commercial
window replacement windows,90,37.12,37,transactional
how to install home ac compressor,50,37.06,1,informational
how to install metal roofing on mobile home,170,36.7,,informational
tuscaloosa window replacement,720,36.25,,commercial
window replacement tuscaloosa al,720,36.25,,commercial
cast iron plumbing repair,140,36.23,,commercial
kitchen remodel cost estimate,70,35.85,,informational
estimate cost to remodel kitchen,70,35.85,,informational
estimated cost to remodel kitchen,70,35.85,14,informational
wood flooring repair cost,1300,35.75,,informational
hardwood flooring repair cost,1300,35.75,,informational
long home products reviews,70,35.14,,informational
interior house painting services,590,34.87,1,commercial
whole house remodel contractors,880,34.65,1,commercial
sustainable home renovation,260,34.59,13,informational
fair price carpets,140,34.5,4,commercial
replacement window toronto,210,34.35,,commercial
window replacement in toronto,210,34.35,10,commercial
plumbing stack repair,170,34.16,,commercial
window replacement vt,110,33.89,,commercial
vermont window replacement,110,33.89,1,commercial
stemmle plumbing repair reviews,90,32.4,,informational
remodel kitchen and bath,90,31.95,24,commercial
laminate flooring replacement cost,170,31.64,,informational
contractor for window replacement,1000,30.7,33,commercial
replacement window contract,1000,30.7,,transactional
contractors for window replacement,1000,30.7,23,commercial
contractor window replacement,1000,30.7,37,commercial
personal loans for kitchen remodel,390,30.26,17,commercial
personal loan for kitchen remodel,390,30.26,17,transactional
bathroom flooring installation cost,260,30.23,,commercial
basement finishing services,320,30.09,15,commercial
basement finishing service,320,30.09,21,commercial
kitchen plumbing remodel,70,28.81,,informational
plumbing drain repair,720,28.65,,commercial
cost of painting a room per square foot,70,28.62,23,informational
cost of painting room per square foot,70,28.62,,informational
basement finishing companies,1600,28.33,,commercial
80s kitchen remodel,70,28.21,,informational
80's kitchen remodel,70,28.21,,informational
residential plumbing repair services,90,27.82,18,commercial
365 solutions ac repair and plumbing,90,26,,commercial
deck building permit requirements,1600,25.18,,informational
iron fence installation,390,24.46,,commercial
basement finishing specialist,90,24.25,2,commercial
crawl space insulation installation cost,140,24.07,,commercial
cost to replace insulation in crawl space,140,24.07,,informational
cost to install crawl space insulation,140,24.07,,commercial
cost to replace crawl space insulation,140,24.07,,informational
cost to install insulation in crawl space,140,24.07,,informational
kitchen remodel expert,170,23.91,6,commercial
kitchen remodel experts,170,23.91,8,commercial
kitchen bathroom remodel contractors,1300,23.57,28,commercial
kitchen and bathroom remodel contractors,1300,23.57,19,commercial
plumbing repair services,2900,23.41,35,commercial
service and repair plumbing,2900,23.41,19,commercial
plumbing service repair,2900,23.41,26,commercial
marble flooring installation cost,260,22.63,,commercial
cost to install marble flooring,260,22.63,,informational
contractors basement finishing,6600,22.59,6,commercial
contractor basement finishing,6600,22.59,18,commercial
contractor for finishing basement,6600,22.59,,commercial
contractors for basement finishing,6600,22.59,7,commercial
crawl space insulation removal cost,70,22.31,,informational
contractors to remodel kitchen,210,22.29,14,commercial
general contractor for kitchen remodel,210,22.29,20,commercial
contractor to remodel kitchen,210,22.29,18,commercial
basement finishing aurora,170,22.2,,transactional
local plumbing repair,140,22.09,24,commercial
cost of painting vinyl siding,210,21.19,,informational
floating flooring installation cost,390,20.61,,commercial
lakeland fence installation,70,20.57,,commercial
fence installation lakeland fl,70,20.57,,commercial
tile flooring removal cost,1000,20.14,,informational
plumbing repair service near me,1600,20.01,38,commercial
plumbing repair services near me,1600,20.01,42,commercial
master repair plumbing,110,19.79,6,commercial
redwood fence installation,210,19.72,,commercial
cost of labor to install vinyl flooring,170,19.48,,informational
vinyl flooring installation labor cost,170,19.48,,commercial
labor cost vinyl flooring,170,19.48,18,informational
labor cost to install vinyl flooring,170,19.48,,informational
cost painting exterior brick house,70,19.08,,commercial
texas plumbing repair 24/7,90,18.65,10,commercial
texas plumbing repair 24 7,90,18.65,16,commercial
baseboard painting cost,170,18.38,,informational
painting baseboards cost,170,18.38,,informational
security fence installation,110,18.36,16,commercial
plumbing repair omaha ne,70,18.34,23,commercial
plumbing repair omaha,70,18.34,23,commercial
basement finishing project,70,18.25,,commercial
basement finishing projects,70,18.25,13,commercial
finishing basement,5400,18.05,,commercial
plumbing repair toilet,49500,17.99,9,commercial
hardwood flooring installation cost per square foot,1600,17.82,,commercial
vinyl siding painting cost,480,17.63,,informational
cost of painting siding,90,17.55,,informational
residential plumbing repair near me,260,17.43,20,commercial
electric fence installation cost,590,17.41,,commercial
electric fence installation costs,590,17.41,,commercial
cost of electric fence installation,590,17.41,,commercial
basement finishing calculator,210,17.31,,informational
basement finishing estimates,210,17.31,1,informational
finishing a basement calculator,210,17.31,,informational
basement finishing estimate,210,17.31,8,informational
finishing an unfinished basement,170,17.18,10,informational
finishing unfinished basement,170,17.18,10,informational
flooring tiles installation cost,320,17.16,,commercial
flooring tile installation cost,320,17.16,,commercial
professional dog fence installation,110,17.11,13,commercial
quotes for fence installation,480,17.09,13,commercial
quote fence installation,480,17.09,13,commercial
quote for fence installation,480,17.09,38,commercial
quote on fence installation,480,17.09,13,informational
fence installation quotes,480,17.09,39,commercial
fence installation contractor near me,590,17,21,commercial
fence installation contractors near me,590,17,3,commercial
indianapolis basement finishing,170,16.7,,commercial
simple basement finishing,140,16.69,2,informational
basic basement finishing,140,16.69,1,informational
cost for professional painting,390,16.54,1,informational
professional painting cost,390,16.54,1,commercial
cost of insulation removal,390,16.29,,informational
insulation removal cost,390,16.29,,informational
basement finishing nj,1000,16.13,20,commercial
new jersey basement finishing,1000,16.13,5,commercial
basement finishing in nj,1000,16.13,11,commercial
cost to finish hardwood flooring,110,16.05,23,informational
all four walls drywall repair,210,16.02,,commercial
cost of attic insulation per square foot,70,15.68,,informational
commercial plumbing repair,260,15.62,,commercial
woven wire fence installation,170,15.21,4,commercial
building rooftop deck,480,15.1,,informational
building a rooftop deck,480,15.1,,informational
install insulation cost,590,14.96,2,informational
insulation installation cost,590,14.96,2,informational
insulation installers cost,590,14.96,2,informational
painting exterior trim cost,260,14.92,,commercial
cost to install laminate wood flooring,260,14.76,14,commercial
cost to install hardwood laminate flooring,260,14.76,9,commercial
laminate hardwood flooring installation cost,260,14.76,7,commercial
cost to install wood laminate flooring,260,14.76,6,commercial
laminate wood flooring installation cost,260,14.76,14,commercial
laminate hardwood flooring cost installed,260,14.76,7,informational
laminate wood flooring cost installed,260,14.76,14,commercial
laminate wood flooring install cost,260,14.76,20,commercial
cost for laminate wood flooring installation,260,14.76,14,commercial
laminate wood flooring installed cost,260,14.76,20,commercial
cellulose insulation installation cost,90,14.59,,commercial
commercial fence installation,1000,14.26,30,commercial
custom deck building near me,1600,14.21,30,commercial
blown-in insulation cost per square foot,880,13.86,6,informational
blown insulation cost per square foot,880,13.86,6,informational
cost of blown in insulation per square foot,880,13.86,,informational
blown in insulation cost per square foot,880,13.86,6,informational
blow-in insulation cost per square foot,880,13.86,,informational
cost of blown-in insulation per square foot,880,13.86,,informational
blow in insulation cost per square foot,880,13.86,6,informational
cedar fence installation,720,13.8,4,commercial
basement finishing colorado,260,13.64,1,informational
finishing a basement in colorado,260,13.64,7,informational
basement finishing pittsburgh,90,13.58,,commercial
drywall repair specialist,390,13.51,5,commercial
drywall repair specialists,390,13.51,,commercial
how much does it cost to remove tile flooring,90,13.38,,informational
wood picket fence installation,90,13.24,14,commercial
basement insulation cost,260,13.2,,informational
painting house cost interior,1600,13.19,25,informational
painting interior of house cost,1600,13.19,,informational
interior home painting cost,1600,13.19,3,informational
painting the house interior cost,1600,13.19,2,informational
painting a house cost interior,1600,13.19,,informational
finishing basement cost,3600,13.15,,informational
basement finishing costs,3600,13.15,,informational
finishing a basement cost,3600,13.15,12,informational
finishing the basement cost,3600,13.15,,informational
drywall ceiling repair cost,1300,13.15,,informational
oak hardwood flooring installation cost,70,13.08,,commercial
professional chain link fence installation,260,13,5,commercial
cost tile flooring installed,12100,12.61,,informational
cost to install tile flooring,12100,12.61,14,informational
installation cost for tile flooring,12100,12.61,2,commercial
tile flooring install cost,12100,12.61,,commercial
cost of tile flooring and installation,12100,12.61,11,commercial
installation of tile flooring cost,12100,12.61,,informational
cost for tile flooring installation,12100,12.61,,commercial
tile flooring cost to install,12100,12.61,,commercial
fence installation vinyl,9900,12.55,,commercial
installation of vinyl fence,9900,12.55,,commercial
plastic fence installation,9900,12.55,7,commercial
pvc fence installation,9900,12.55,,commercial
cost to install vinyl sheet flooring,1300,12.41,5,informational
installation cost for sheet vinyl flooring,1300,12.41,,commercial
vinyl sheet flooring installation cost,1300,12.41,,commercial
cost of vinyl sheet flooring installation,1300,12.41,4,commercial
cost to install sheet vinyl flooring,1300,12.41,12,commercial
custom deck building,1000,12.41,21,commercial
rubber flooring installation cost,140,12.31,,commercial
pool fence installation company,70,12.19,19,commercial
drywall repair arlington,320,12.13,4,commercial
garage epoxy flooring installation cost,170,12.11,,commercial
cost to remove tile flooring,390,12.05,,informational
attic insulation cost per sq ft,260,12.01,,informational
basement concrete wall finishing,140,12,,commercial
finishing concrete walls in basement,140,12,,informational
finishing concrete basement walls,140,12,,commercial
finishing a basement with concrete walls,140,12,,informational
residential fence installation near me,260,11.9,28,commercial
basement finishing price,4400,11.89,7,commercial
cost of finishing a basement,4400,11.89,,informational
cost for finishing basement,4400,11.89,,informational
basement finishing pricing,4400,11.89,1,commercial
basement finishing prices,4400,11.89,1,commercial
cost for finishing a basement,4400,11.89,,informational
cost of basement finishing,4400,11.89,,informational
building a deck around a tree,210,11.86,,informational
building deck around tree,210,11.86,,transactional
countertop removal cost,70,11.86,,informational
deck building richmond,390,11.84,,commercial
silt fence installation cost,480,11.57,,commercial
silt fence installation price,480,11.57,,commercial
cost of professional cabinet painting,90,11.51,,commercial
professional cabinet painting cost,90,11.51,,commercial
painting aluminum siding cost,140,11.48,,informational
cost of painting bedroom,480,11.47,,informational
cost for painting a bedroom,480,11.47,,informational
average painting cost,320,11.44,2,informational
average cost for painting,320,11.44,15,informational
deck building service,590,11.44,21,commercial
deck building services,590,11.44,21,commercial
metal fence painting cost,70,11.39,,commercial
finishing basement cost estimator,170,11.39,6,informational
kitchen countertop install cost,1300,11.3,,informational
cost of kitchen countertop installation,1300,11.3,,informational
kitchen countertop installation cost,1300,11.3,,commercial
flooring repair cost,320,11.2,,informational
vinyl flooring removal cost,110,11.13,2,informational
lowe's fence installation reviews,90,11.12,,commercial
lowes fence installation review,90,11.12,,informational
lowes fence installation reviews,90,11.12,,informational
cost of removing insulation from attic,1300,11.04,,informational
removing attic insulation cost,1300,11.04,,informational
remove attic insulation cost,1300,11.04,,informational
attic insulation removal cost,1300,11.04,,informational
remove insulation from attic cost,1300,11.04,,informational
diy wooden fence installation,110,11,31,informational
do it yourself wood fence installation,110,11,20,informational
wood fence installation diy,110,11,22,informational
garage painting cost,390,10.9,,commercial
install vinyl flooring cost,8100,10.88,,commercial
installation cost for vinyl flooring,8100,10.88,,informational
cost for vinyl flooring installed,8100,10.88,3,informational
cost of vinyl flooring and installation,8100,10.88,12,commercial
cost for installing vinyl flooring,8100,10.88,,informational
vinyl flooring cost installed,8100,10.88,,informational
vinyl flooring installation cost,8100,10.88,,commercial
installing vinyl flooring cost,8100,10.88,,commercial
vinyl flooring cost to install,8100,10.88,,informational
cost to lay vinyl flooring,8100,10.88,12,informational
installation cost of vinyl flooring,8100,10.88,,informational
lvp flooring installation cost,12100,10.8,,commercial
lvp flooring install cost,12100,10.8,,commercial
cost of interior house painting,5400,10.79,25,informational
painting cost interior,5400,10.79,,informational
cost of painting interior,5400,10.79,,informational
cost for interior painting,5400,10.79,,informational
inside painting cost,5400,10.79,,informational
painting whole car cost,140,10.67,6,commercial
professional deck building,590,10.65,27,commercial
deck building products,590,10.65,27,transactional
commercial painting cost calculator,210,10.61,3,informational
drywall repair services,1900,10.52,2,commercial
drywall repair service,1900,10.52,5,commercial
deck building permit cost,720,10.5,6,informational
flooring removal cost,170,10.48,,informational
cost to blow insulation,110,10.47,6,commercial
cost to blow in insulation,110,10.47,,informational
siding painting cost,320,10.46,3,informational
cost of insulation in attic,9900,10.45,,informational
cost insulation attic,9900,10.45,,informational
insulation in attic cost,9900,10.45,,informational
cost of insulation for attic,9900,10.45,,informational
cost for attic insulation,9900,10.45,,informational
cost for insulation in attic,9900,10.45,,informational
cost to install carpet flooring,49500,10.43,12,informational
carpet flooring installation cost,49500,10.43,2,commercial
fence installation company,2400,10.38,34,commercial
fence installation companies,2400,10.38,34,commercial
drywall insulation cost,170,10.28,,informational
cost of insulation and drywall,170,10.28,,informational
insulation and drywall cost,170,10.28,,informational
sheetrock and insulation cost,170,10.28,,informational
do you need a building permit to build a deck,880,10.18,,informational
cost of deer fence installation,110,10.07,,commercial
deer fence installation cost,110,10.07,,commercial
hole in the wall drywall repair reviews,210,10.06,,informational
outdoor painting cost,2900,10.05,19,commercial
cost of painting exterior,2900,10.05,,informational
exterior house painting cost,2900,10.05,2,commercial
exterior home painting cost,2900,10.05,10,commercial
outside painting cost,2900,10.05,12,commercial
painting cost exterior,2900,10.05,4,informational
labor painting cost,390,9.97,4,informational
cost of labor for painting,390,9.97,4,informational
labor cost for painting,390,9.97,,informational
cost of labour for painting,390,9.97,1,informational
labour cost for painting,390,9.97,1,informational
labour cost of painting,390,9.97,1,informational
labor cost of painting,390,9.97,4,informational
invisible fence installation cost,1600,9.74,,commercial
underground fence installation cost,1600,9.74,,commercial
invisible dog fence installation cost,1600,9.74,,commercial
pet fence installation cost,1600,9.74,,commercial
cost of dog fence installation,1600,9.74,,commercial
dog fence installation cost,1600,9.74,,commercial
interior trim painting cost,170,9.68,,commercial
laminate flooring cost installed,22200,9.62,5,informational
laminate flooring installation cost,22200,9.62,5,commercial
install laminate flooring cost,22200,9.62,5,commercial
laminate flooring cost to install,22200,9.62,5,informational
installing laminate flooring cost,22200,9.62,5,informational
install cost for laminate flooring,22200,9.62,5,commercial
installation cost for laminate flooring,22200,9.62,5,commercial
bedroom painting cost,2400,9.54,,informational
painting a room cost,2400,9.54,4,informational
cost for painting room,2400,9.54,4,informational
painting room cost,2400,9.54,15,informational
painting rooms cost,2400,9.54,2,informational
drywall repair professional,880,9.49,1,commercial
drywall repair professionals,880,9.49,4,commercial
attic insulation install cost,3600,9.49,,commercial
cost of replacing insulation in attic,3600,9.49,,informational
attic insulation replacement cost,3600,9.49,,informational
cost to install attic insulation,3600,9.49,,informational
attic insulation installation cost,3600,9.49,,commercial
cost to replace attic insulation,3600,9.49,,informational
installed hardwood flooring cost,33100,9.45,20,informational
install hardwood flooring cost,33100,9.45,1,commercial
cost of painting fence,480,9.43,,commercial
commercial painting cost per sq ft,140,9.43,,informational
cost of commercial painting per square foot,140,9.43,,informational
fence painting cost,480,9.43,,commercial
retaining wall fence installation,90,9.41,,transactional
installation fence electric,1000,9.39,,commercial
vinyl flooring replacement cost,260,9.35,,informational
cost of laying vinyl flooring,260,9.35,12,informational
cost to replace vinyl flooring,260,9.35,,informational
cost for insulation installation,320,9.33,2,informational
cost of insulation installation,320,9.33,2,informational
cost of installing insulation,320,9.33,2,informational
residential fence installation,390,9.3,5,commercial
tap insulation cost,140,9.21,,informational
fence installation and repairs,140,9.06,8,commercial
fence installation and repair,140,9.06,7,commercial
professional interior painting cost,210,9.03,,commercial
average cost of cabinet painting,170,8.98,,informational
cost of painting kitchen cabinets,2400,8.96,,informational
painting kitchen cabinets cost,2400,8.96,,informational
kitchen cabinet painting cost,2400,8.96,,informational
bathroom countertop installation cost,260,8.89,,commercial
cost of painting soffits and fascias,90,8.88,,informational
cost of painting 2 story house,170,8.85,,informational
barbed wire fence installation,390,8.78,,commercial
installation of barbed wire fence,390,8.78,,commercial
handyman for drywall repair,1600,8.76,3,commercial
handyman drywall repair,1600,8.76,3,commercial
deck building permits,6600,8.62,5,informational
permit for deck building,6600,8.62,,transactional
deck building permit,6600,8.62,9,transactional
underground dog fence installation cost,70,8.62,,commercial
building a deck to code,90,8.57,,informational
building deck to code,90,8.57,8,commercial
fiberglass vs cellulose blown insulation cost,110,8.53,,commercial
drywall hole repair cost,70,8.44,10,informational
hole in drywall repair cost,70,8.44,2,informational
cost of spray foam insulation installation,320,8.38,,commercial
spray foam insulation installation cost,320,8.38,,commercial
cost to install spray foam insulation,320,8.38,,commercial
cost of installing spray foam insulation,320,8.38,,commercial
estimate attic insulation cost,1300,8.07,,informational
attic insulation cost calculator,1300,8.07,13,informational
attic insulation cost estimator,1300,8.07,,informational
installation chain link fence,9900,8.01,26,commercial
installation of chain link fence,9900,8.01,26,commercial
frost fence installation,9900,8.01,,commercial
chain wire fence installation,9900,8.01,,commercial
cyclone fence installation,9900,8.01,3,commercial
chain fence installation,9900,8.01,,commercial
fence installation cost per linear foot,210,7.99,6,commercial
spray foam insulation cost per sq ft calculator,170,7.82,,commercial
drywall repair cost,6600,7.69,3,informational
drywall repair costs,6600,7.69,,informational
professional fence installation,720,7.57,17,commercial
fence installation pro,720,7.57,16,commercial
drywall installation and repair,260,7.56,22,commercial
drywall install and repair,260,7.56,12,commercial
best fence installation near me,170,7.35,12,commercial
black chain link fence installation,110,7.29,9,commercial
installation of privacy fence,3600,7.25,4,commercial
privacy fence installation,3600,7.25,4,commercial
composite deck building,1000,7.15,9,commercial
building deck with composite,1000,7.15,11,transactional
building a composite deck,1000,7.15,5,informational
building a deck with composite decking,1000,7.15,9,informational
high tensile fence installation,210,7.06,,commercial
building deck over concrete steps,90,6.92,,informational
building a deck over cement steps,90,6.92,,informational
wrought iron fence installation,1600,6.83,7,commercial
deck building code georgia,90,6.75,,informational
deck building codes georgia,90,6.75,,informational
deck building codes in georgia,90,6.75,,informational
drywall screw pops repair,70,6.43,,transactional
drywall screw pop repair,70,6.43,,commercial
deck building contractors,6600,6.41,30,commercial
deck building contractor,6600,6.41,30,commercial
building a deck video,70,6.38,24,informational
deck building videos,70,6.38,24,informational
deck building video,70,6.38,24,informational
deck building jobs,170,6.25,,informational
deck building diagrams,70,6.24,17,informational
deck building diagram,70,6.24,11,informational
drywall repair lakeland fl,140,6.09,,commercial
drywall repair lakeland,140,6.09,,commercial
drywall repair videos,140,6.08,4,informational
video drywall repair,140,6.08,4,informational
drywall repair how to video,140,6.08,4,informational
how to repair popped drywall nails,720,5.94,,informational
how to repair nail pops in drywall,720,5.94,,informational
deck building layout,720,5.86,12,informational
cost of drywall repair per square foot,590,5.85,,informational
drywall repair costs per square foot,590,5.85,,informational
drywall repair cost per sq ft,590,5.85,,informational
how to repair water damage on drywall,320,5.66,,informational
labor for building a deck,70,5.22,8,informational
contractor drywall repair,8100,5.13,7,commercial
drywall repair contractors,8100,5.13,,commercial
cost to install quartz countertop,3600,5.09,,informational
quartz countertop installation cost,3600,5.09,,commercial
quartz countertop cost installed,3600,5.09,,commercial
cost to drill hole in quartz countertop,90,5.01,,informational
calculate cost of building a deck,590,4.78,8,informational
deck building cost calculator,590,4.78,1,informational
building a deck cost calculator,590,4.78,2,informational
cost of granite countertop installation,5400,4.74,,informational
granite countertop install cost,5400,4.74,,informational
cost to replace granite countertop,5400,4.74,,informational
granite countertop installation cost,5400,4.74,,informational
granite countertop installed cost,5400,4.74,,commercial
countertop resurfacing cost,140,4.74,,informational
building a floating deck next to house,140,4.72,,transactional
building deck lowes,2900,4.67,13,transactional
building a deck lowes,2900,4.67,6,commercial
building a deck attached to the house,90,4.61,6,informational
building deck attached to house,90,4.61,,transactional
granite countertop repair cost,90,4.47,,informational
countertop installation cost,1600,4.39,,commercial
install countertop cost,1600,4.39,,informational
cost of countertop installation,1600,4.39,,informational
cost to install countertop,1600,4.39,,informational
cost to replace countertop,1600,4.39,,informational
cost for countertop installation,1600,4.39,,informational
cost of ceiling drywall repair,210,4.34,,informational
cost for drywall ceiling repair,210,4.34,,informational
cost to repair ceiling drywall,210,4.34,,informational
cost to repair drywall ceiling,210,4.34,,informational
labor cost for deck building,390,4.31,,informational
deck building labor rates,390,4.31,19,informational
labor cost of building a deck,390,4.31,,informational
labor cost for building a deck,390,4.31,,informational
deck building labor prices,390,4.31,27,informational
labor costs for building a deck,390,4.31,,informational
labor cost deck building,390,4.31,,informational
labor cost on building a deck,390,4.31,,commercial
drywall repair franchises,210,4.27,4,commercial
drywall repair franchise,210,4.27,7,commercial
concrete countertop cost diy,90,4.19,,informational
deck building guidelines,480,4.17,4,informational
building a deck guidelines,480,4.17,21,informational
building a deck guide,480,4.17,4,informational
deck building guides,480,4.17,4,informational
deck building guide,480,4.17,4,informational
cost of quartz countertop installation,4400,4.02,,commercial
countertop fabrication cost,70,4.01,,commercial
deck building courses,70,3.94,,commercial
deck building course,70,3.94,,informational
deck building class,70,3.94,,informational
deck building classes,70,3.94,3,informational
drywall crack repair cost,90,3.94,,informational
drywall installation repair,90,3.91,23,commercial
butcher block countertop installation cost,1300,3.9,,commercial
deck building calculator,12100,3.86,23,informational
average cost of quartz countertop installation,140,3.72,,commercial
average cost to install quartz countertop,140,3.72,,commercial
granite countertop cost per square foot installed,90,3.53,,commercial
calculate granite countertop cost,210,3.43,,informational
how much does a concrete countertop cost,140,3.11,,informational
quartz countertop cost calculator,210,2.8,,informational
concrete countertop installation cost,590,2.79,,commercial
replace laminate countertop cost,1600,2.65,,informational
laminate countertop replacement cost,1600,2.65,,informational
cost to replace laminate countertop,1600,2.65,,commercial
laminate countertop installation cost,1000,2.65,,informational
estimate countertop cost,390,2.59,,informational
countertop cost calculator,390,2.59,3,informational
calculating countertop cost,390,2.59,,informational
countertop cost estimator,390,2.59,,commercial
granite countertop fabrication cost,70,2.37,,commercial
countertop installation cost calculator,140,2.22,,informational
granite countertop removal cost,110,2.21,,informational
corian countertop installation cost,210,2.16,,commercial
marble countertop installation cost,210,1.91,,informational
recycled glass countertop cost,110,1.84,,informational
granite countertop refinishing cost,70,1.77,,commercial
formica countertop installation cost,210,1.5,3,commercial
granite countertop cost calculator,90,1.24,,informational
countertop installation labor cost,110,1.19,,commercial
solid surface countertop installation cost,70,1.17,,commercial
countertop refinishing cost,140,0.96,,informational
quartz countertop vs granite cost,880,0.84,,commercial
countertop cost quartz vs granite,880,0.84,,commercial
marble countertop cost per sq ft,70,0.66,,informational
cost of marble countertop per square foot,70,0.66,,informational
cost per square foot marble countertop,70,0.66,,informational
carrara marble countertop cost,70,0.63,,commercial
soapstone countertop cost per square foot,140,0.62,,informational
butcher block countertop cost vs granite,70,0.43,,commercial
butcher block countertop vs granite cost,70,0.43,,commercial
concrete countertop cost vs granite,70,0,,commercial
countertop microwave installation cost,260,0,,informational
concrete vs granite countertop cost,70,0,,informational
